ts_label,ts,host,client,cpu_c,nvme_c
07-08 00:00,2026-07-08 00:00:00,ax52-7870-reference-001,ethrex,58.5,39.9
07-08 00:15,2026-07-08 00:15:00,ax52-7870-reference-001,ethrex,61.1,39.9
07-08 00:30,2026-07-08 00:30:00,ax52-7870-reference-001,ethrex,60.0,39.9
07-08 00:45,2026-07-08 00:45:00,ax52-7870-reference-001,ethrex,61.4,41.9
07-08 01:00,2026-07-08 01:00:00,ax52-7870-reference-001,ethrex,60.5,40.9
07-08 01:15,2026-07-08 01:15:00,ax52-7870-reference-001,ethrex,59.4,40.9
07-08 01:30,2026-07-08 01:30:00,ax52-7870-reference-001,ethrex,58.8,39.9
07-08 01:45,2026-07-08 01:45:00,ax52-7870-reference-001,ethrex,58.9,39.9
07-08 02:00,2026-07-08 02:00:00,ax52-7870-reference-001,ethrex,57.8,39.9
07-08 02:15,2026-07-08 02:15:00,ax52-7870-reference-001,ethrex,60.9,39.9
07-08 02:30,2026-07-08 02:30:00,ax52-7870-reference-001,ethrex,60.2,39.9
07-08 02:45,2026-07-08 02:45:00,ax52-7870-reference-001,ethrex,57.9,39.9
07-08 03:00,2026-07-08 03:00:00,ax52-7870-reference-001,ethrex,58.1,39.9
07-08 03:15,2026-07-08 03:15:00,ax52-7870-reference-001,ethrex,59.2,38.9
07-08 03:30,2026-07-08 03:30:00,ax52-7870-reference-001,ethrex,58.0,38.9
07-08 03:45,2026-07-08 03:45:00,ax52-7870-reference-001,ethrex,58.6,39.9
07-08 04:00,2026-07-08 04:00:00,ax52-7870-reference-001,ethrex,58.4,39.9
07-08 04:15,2026-07-08 04:15:00,ax52-7870-reference-001,ethrex,59.4,40.9
07-08 04:30,2026-07-08 04:30:00,ax52-7870-reference-001,ethrex,59.2,40.9
07-08 04:45,2026-07-08 04:45:00,ax52-7870-reference-001,ethrex,58.9,39.9
07-08 05:00,2026-07-08 05:00:00,ax52-7870-reference-001,ethrex,59.2,39.9
07-08 05:15,2026-07-08 05:15:00,ax52-7870-reference-001,ethrex,59.4,39.9
07-08 05:30,2026-07-08 05:30:00,ax52-7870-reference-001,ethrex,59.1,39.9
07-08 05:45,2026-07-08 05:45:00,ax52-7870-reference-001,ethrex,60.5,39.9
07-08 06:00,2026-07-08 06:00:00,ax52-7870-reference-001,ethrex,58.5,39.9
07-08 06:15,2026-07-08 06:15:00,ax52-7870-reference-001,ethrex,72.4,39.9
07-08 06:30,2026-07-08 06:30:00,ax52-7870-reference-001,ethrex,58.1,39.9
07-08 06:45,2026-07-08 06:45:00,ax52-7870-reference-001,ethrex,59.0,39.9
07-08 07:00,2026-07-08 07:00:00,ax52-7870-reference-001,ethrex,63.6,42.9
07-08 07:15,2026-07-08 07:15:00,ax52-7870-reference-001,ethrex,61.2,41.9
07-08 07:30,2026-07-08 07:30:00,ax52-7870-reference-001,ethrex,59.9,40.9
07-08 07:45,2026-07-08 07:45:00,ax52-7870-reference-001,ethrex,58.9,39.9
07-08 08:00,2026-07-08 08:00:00,ax52-7870-reference-001,ethrex,59.5,39.9
07-08 08:15,2026-07-08 08:15:00,ax52-7870-reference-001,ethrex,59.1,44.9
07-08 08:30,2026-07-08 08:30:00,ax52-7870-reference-001,ethrex,58.8,42.9
07-08 08:45,2026-07-08 08:45:00,ax52-7870-reference-001,ethrex,59.5,41.9
07-08 09:00,2026-07-08 09:00:00,ax52-7870-reference-001,ethrex,60.2,41.9
07-08 09:15,2026-07-08 09:15:00,ax52-7870-reference-001,ethrex,58.9,41.9
07-08 09:30,2026-07-08 09:30:00,ax52-7870-reference-001,ethrex,59.4,42.9
07-08 09:45,2026-07-08 09:45:00,ax52-7870-reference-001,ethrex,59.6,41.9
07-08 10:00,2026-07-08 10:00:00,ax52-7870-reference-001,ethrex,58.6,42.9
07-08 10:15,2026-07-08 10:15:00,ax52-7870-reference-001,ethrex,60.1,41.9
07-08 10:30,2026-07-08 10:30:00,ax52-7870-reference-001,ethrex,61.0,42.9
07-08 10:45,2026-07-08 10:45:00,ax52-7870-reference-001,ethrex,60.4,42.9
07-08 11:00,2026-07-08 11:00:00,ax52-7870-reference-001,ethrex,59.4,42.9
07-08 11:15,2026-07-08 11:15:00,ax52-7870-reference-001,ethrex,59.9,42.9
07-08 11:30,2026-07-08 11:30:00,ax52-7870-reference-001,ethrex,59.6,42.9
07-08 11:45,2026-07-08 11:45:00,ax52-7870-reference-001,ethrex,59.8,41.9
07-08 12:00,2026-07-08 12:00:00,ax52-7870-reference-001,ethrex,67.1,41.9
07-08 12:15,2026-07-08 12:15:00,ax52-7870-reference-001,ethrex,59.6,41.9
07-08 12:30,2026-07-08 12:30:00,ax52-7870-reference-001,ethrex,59.6,42.9
07-08 12:45,2026-07-08 12:45:00,ax52-7870-reference-001,ethrex,62.2,41.9
07-08 13:00,2026-07-08 13:00:00,ax52-7870-reference-001,ethrex,61.4,41.9
07-08 13:15,2026-07-08 13:15:00,ax52-7870-reference-001,ethrex,61.9,41.9
07-08 13:30,2026-07-08 13:30:00,ax52-7870-reference-001,ethrex,59.6,41.9
07-08 13:45,2026-07-08 13:45:00,ax52-7870-reference-001,ethrex,59.9,42.9
07-08 14:00,2026-07-08 14:00:00,ax52-7870-reference-001,ethrex,61.0,41.9
07-08 14:15,2026-07-08 14:15:00,ax52-7870-reference-001,ethrex,73.8,41.9
07-08 14:30,2026-07-08 14:30:00,ax52-7870-reference-001,ethrex,58.8,41.9
07-08 14:45,2026-07-08 14:45:00,ax52-7870-reference-001,ethrex,61.0,42.9
07-08 15:00,2026-07-08 15:00:00,ax52-7870-reference-001,ethrex,63.6,41.9
07-08 15:15,2026-07-08 15:15:00,ax52-7870-reference-001,ethrex,58.9,41.9
07-08 15:30,2026-07-08 15:30:00,ax52-7870-reference-001,ethrex,60.0,41.9
07-08 15:45,2026-07-08 15:45:00,ax52-7870-reference-001,ethrex,59.8,41.9
07-08 16:00,2026-07-08 16:00:00,ax52-7870-reference-001,ethrex,61.2,41.9
07-08 16:15,2026-07-08 16:15:00,ax52-7870-reference-001,ethrex,60.2,41.9
07-08 16:30,2026-07-08 16:30:00,ax52-7870-reference-001,ethrex,60.4,41.9
07-08 16:45,2026-07-08 16:45:00,ax52-7870-reference-001,ethrex,60.0,42.9
07-08 17:00,2026-07-08 17:00:00,ax52-7870-reference-001,ethrex,60.2,41.9
07-08 17:15,2026-07-08 17:15:00,ax52-7870-reference-001,ethrex,62.0,44.9
07-08 17:30,2026-07-08 17:30:00,ax52-7870-reference-001,ethrex,59.9,41.9
07-08 17:45,2026-07-08 17:45:00,ax52-7870-reference-001,ethrex,61.0,41.9
07-08 18:00,2026-07-08 18:00:00,ax52-7870-reference-001,ethrex,62.9,68.8
07-08 18:15,2026-07-08 18:15:00,ax52-7870-reference-001,ethrex,65.0,68.8
07-08 18:30,2026-07-08 18:30:00,ax52-7870-reference-001,ethrex,65.2,69.8
07-08 18:45,2026-07-08 18:45:00,ax52-7870-reference-001,ethrex,63.5,68.8
07-08 19:00,2026-07-08 19:00:00,ax52-7870-reference-001,ethrex,65.1,67.8
07-08 19:15,2026-07-08 19:15:00,ax52-7870-reference-001,ethrex,65.4,68.8
07-08 19:30,2026-07-08 19:30:00,ax52-7870-reference-001,ethrex,64.5,68.8
07-08 19:45,2026-07-08 19:45:00,ax52-7870-reference-001,ethrex,65.6,67.8
07-08 20:00,2026-07-08 20:00:00,ax52-7870-reference-001,ethrex,64.9,68.8
07-08 20:15,2026-07-08 20:15:00,ax52-7870-reference-001,ethrex,63.4,67.8
07-08 20:30,2026-07-08 20:30:00,ax52-7870-reference-001,ethrex,64.5,68.8
07-08 20:45,2026-07-08 20:45:00,ax52-7870-reference-001,ethrex,67.6,68.8
07-08 21:00,2026-07-08 21:00:00,ax52-7870-reference-001,ethrex,64.1,67.8
07-08 21:15,2026-07-08 21:15:00,ax52-7870-reference-001,ethrex,63.2,67.8
07-08 21:30,2026-07-08 21:30:00,ax52-7870-reference-001,ethrex,65.1,66.8
07-08 21:45,2026-07-08 21:45:00,ax52-7870-reference-001,ethrex,63.9,67.8
07-08 22:00,2026-07-08 22:00:00,ax52-7870-reference-001,ethrex,65.9,68.8
07-08 22:15,2026-07-08 22:15:00,ax52-7870-reference-001,ethrex,76.5,67.8
07-08 22:30,2026-07-08 22:30:00,ax52-7870-reference-001,ethrex,63.8,67.8
07-08 22:45,2026-07-08 22:45:00,ax52-7870-reference-001,ethrex,65.5,68.8
07-08 23:00,2026-07-08 23:00:00,ax52-7870-reference-001,ethrex,65.9,68.8
07-08 23:15,2026-07-08 23:15:00,ax52-7870-reference-001,ethrex,59.9,41.9
07-08 23:30,2026-07-08 23:30:00,ax52-7870-reference-001,ethrex,59.6,41.9
07-08 23:45,2026-07-08 23:45:00,ax52-7870-reference-001,ethrex,59.8,41.9
07-09 00:00,2026-07-09 00:00:00,ax52-7870-reference-001,ethrex,59.2,40.9
07-09 00:15,2026-07-09 00:15:00,ax52-7870-reference-001,ethrex,60.6,41.9
07-09 00:30,2026-07-09 00:30:00,ax52-7870-reference-001,ethrex,61.5,42.9
07-09 00:45,2026-07-09 00:45:00,ax52-7870-reference-001,ethrex,64.6,44.9
07-09 01:00,2026-07-09 01:00:00,ax52-7870-reference-001,ethrex,60.1,50.9
07-09 01:15,2026-07-09 01:15:00,ax52-7870-reference-001,ethrex,59.4,41.9
07-09 01:30,2026-07-09 01:30:00,ax52-7870-reference-001,ethrex,60.4,41.9
07-09 01:45,2026-07-09 01:45:00,ax52-7870-reference-001,ethrex,59.2,41.9
07-09 02:00,2026-07-09 02:00:00,ax52-7870-reference-001,ethrex,59.4,41.9
07-09 02:15,2026-07-09 02:15:00,ax52-7870-reference-001,ethrex,60.8,41.9
07-09 02:30,2026-07-09 02:30:00,ax52-7870-reference-001,ethrex,60.6,41.9
07-09 02:45,2026-07-09 02:45:00,ax52-7870-reference-001,ethrex,59.6,41.9
07-09 03:00,2026-07-09 03:00:00,ax52-7870-reference-001,ethrex,59.5,41.9
07-09 03:15,2026-07-09 03:15:00,ax52-7870-reference-001,ethrex,59.8,41.9
07-09 03:30,2026-07-09 03:30:00,ax52-7870-reference-001,ethrex,58.6,41.9
07-09 03:45,2026-07-09 03:45:00,ax52-7870-reference-001,ethrex,61.5,41.9
07-09 04:00,2026-07-09 04:00:00,ax52-7870-reference-001,ethrex,61.2,40.9
07-09 04:15,2026-07-09 04:15:00,ax52-7870-reference-001,ethrex,62.4,41.9
07-09 04:30,2026-07-09 04:30:00,ax52-7870-reference-001,ethrex,59.4,40.9
07-09 04:45,2026-07-09 04:45:00,ax52-7870-reference-001,ethrex,58.8,40.9
07-09 05:00,2026-07-09 05:00:00,ax52-7870-reference-001,ethrex,58.9,41.9
07-09 05:15,2026-07-09 05:15:00,ax52-7870-reference-001,ethrex,59.9,41.9
07-09 05:30,2026-07-09 05:30:00,ax52-7870-reference-001,ethrex,59.5,41.9
07-09 05:45,2026-07-09 05:45:00,ax52-7870-reference-001,ethrex,60.1,41.9
07-09 06:00,2026-07-09 06:00:00,ax52-7870-reference-001,ethrex,60.0,41.9
07-09 06:15,2026-07-09 06:15:00,ax52-7870-reference-001,ethrex,72.9,41.9
07-09 06:30,2026-07-09 06:30:00,ax52-7870-reference-001,ethrex,59.6,41.9
07-09 06:45,2026-07-09 06:45:00,ax52-7870-reference-001,ethrex,61.2,40.9
07-09 07:00,2026-07-09 07:00:00,ax52-7870-reference-001,ethrex,63.0,40.9
07-09 07:15,2026-07-09 07:15:00,ax52-7870-reference-001,ethrex,59.4,41.9
07-09 07:30,2026-07-09 07:30:00,ax52-7870-reference-001,ethrex,63.9,41.9
07-09 07:45,2026-07-09 07:45:00,ax52-7870-reference-001,ethrex,59.5,42.9
07-09 08:00,2026-07-09 08:00:00,ax52-7870-reference-001,ethrex,59.0,42.9
07-09 08:15,2026-07-09 08:15:00,ax52-7870-reference-001,ethrex,61.1,42.9
07-09 08:30,2026-07-09 08:30:00,ax52-7870-reference-001,ethrex,58.9,42.9
07-09 08:45,2026-07-09 08:45:00,ax52-7870-reference-001,ethrex,59.1,41.9
07-09 09:00,2026-07-09 09:00:00,ax52-7870-reference-001,ethrex,59.4,41.9
07-09 09:15,2026-07-09 09:15:00,ax52-7870-reference-001,ethrex,60.4,43.9
07-09 09:30,2026-07-09 09:30:00,ax52-7870-reference-001,ethrex,59.0,42.9
07-09 09:45,2026-07-09 09:45:00,ax52-7870-reference-001,ethrex,61.5,42.9
07-09 10:00,2026-07-09 10:00:00,ax52-7870-reference-001,ethrex,59.9,43.9
07-09 10:15,2026-07-09 10:15:00,ax52-7870-reference-001,ethrex,60.5,42.9
07-09 10:30,2026-07-09 10:30:00,ax52-7870-reference-001,ethrex,62.5,43.9
07-09 10:45,2026-07-09 10:45:00,ax52-7870-reference-001,ethrex,59.6,48.9
07-09 11:00,2026-07-09 11:00:00,ax52-7870-reference-001,ethrex,60.2,42.9
07-09 11:15,2026-07-09 11:15:00,ax52-7870-reference-001,ethrex,61.1,42.9
07-09 11:30,2026-07-09 11:30:00,ax52-7870-reference-001,ethrex,59.2,41.9
07-09 11:45,2026-07-09 11:45:00,ax52-7870-reference-001,ethrex,61.0,42.9
07-09 12:00,2026-07-09 12:00:00,ax52-7870-reference-001,ethrex,60.5,42.9
07-09 12:15,2026-07-09 12:15:00,ax52-7870-reference-001,ethrex,60.1,42.9
07-09 12:30,2026-07-09 12:30:00,ax52-7870-reference-001,ethrex,62.5,41.9
07-09 12:45,2026-07-09 12:45:00,ax52-7870-reference-001,ethrex,62.6,41.9
07-09 13:00,2026-07-09 13:00:00,ax52-7870-reference-001,ethrex,61.1,42.9
07-09 13:15,2026-07-09 13:15:00,ax52-7870-reference-001,ethrex,59.9,41.9
07-09 13:30,2026-07-09 13:30:00,ax52-7870-reference-001,ethrex,58.9,41.9
07-09 13:45,2026-07-09 13:45:00,ax52-7870-reference-001,ethrex,59.8,41.9
07-09 14:00,2026-07-09 14:00:00,ax52-7870-reference-001,ethrex,61.6,51.9
07-09 14:15,2026-07-09 14:15:00,ax52-7870-reference-001,ethrex,71.9,50.9
07-09 14:30,2026-07-09 14:30:00,ax52-7870-reference-001,ethrex,62.5,49.9
07-09 14:45,2026-07-09 14:45:00,ax52-7870-reference-001,ethrex,61.8,50.9
07-09 15:00,2026-07-09 15:00:00,ax52-7870-reference-001,ethrex,63.1,48.9
07-09 15:15,2026-07-09 15:15:00,ax52-7870-reference-001,ethrex,61.1,44.9
07-09 15:30,2026-07-09 15:30:00,ax52-7870-reference-001,ethrex,64.1,43.9
07-09 15:45,2026-07-09 15:45:00,ax52-7870-reference-001,ethrex,60.4,43.9
07-09 16:00,2026-07-09 16:00:00,ax52-7870-reference-001,ethrex,61.5,43.9
07-09 16:15,2026-07-09 16:15:00,ax52-7870-reference-001,ethrex,60.8,42.9
07-09 16:30,2026-07-09 16:30:00,ax52-7870-reference-001,ethrex,63.5,42.9
07-09 16:45,2026-07-09 16:45:00,ax52-7870-reference-001,ethrex,63.8,42.9
07-09 17:00,2026-07-09 17:00:00,ax52-7870-reference-001,ethrex,60.9,43.9
07-09 17:15,2026-07-09 17:15:00,ax52-7870-reference-001,ethrex,60.9,43.9
07-09 17:30,2026-07-09 17:30:00,ax52-7870-reference-001,ethrex,59.8,41.9
07-09 17:45,2026-07-09 17:45:00,ax52-7870-reference-001,ethrex,61.6,41.9
07-09 18:00,2026-07-09 18:00:00,ax52-7870-reference-001,ethrex,60.1,42.9
07-09 18:15,2026-07-09 18:15:00,ax52-7870-reference-001,ethrex,59.8,42.9
07-09 18:30,2026-07-09 18:30:00,ax52-7870-reference-001,ethrex,60.1,42.9
07-09 18:45,2026-07-09 18:45:00,ax52-7870-reference-001,ethrex,60.1,44.9
07-09 19:00,2026-07-09 19:00:00,ax52-7870-reference-001,ethrex,59.6,44.9
07-09 19:15,2026-07-09 19:15:00,ax52-7870-reference-001,ethrex,60.4,42.9
07-09 19:30,2026-07-09 19:30:00,ax52-7870-reference-001,ethrex,59.8,41.9
07-09 19:45,2026-07-09 19:45:00,ax52-7870-reference-001,ethrex,65.8,41.9
07-09 20:00,2026-07-09 20:00:00,ax52-7870-reference-001,ethrex,60.9,41.9
07-09 20:15,2026-07-09 20:15:00,ax52-7870-reference-001,ethrex,61.2,41.9
07-09 20:30,2026-07-09 20:30:00,ax52-7870-reference-001,ethrex,63.0,42.9
07-09 20:45,2026-07-09 20:45:00,ax52-7870-reference-001,ethrex,62.4,42.9
07-09 21:00,2026-07-09 21:00:00,ax52-7870-reference-001,ethrex,61.6,41.9
07-09 21:15,2026-07-09 21:15:00,ax52-7870-reference-001,ethrex,62.5,41.9
07-09 21:30,2026-07-09 21:30:00,ax52-7870-reference-001,ethrex,61.4,41.9
07-09 21:45,2026-07-09 21:45:00,ax52-7870-reference-001,ethrex,60.2,41.9
07-09 22:00,2026-07-09 22:00:00,ax52-7870-reference-001,ethrex,63.6,41.9
07-09 22:15,2026-07-09 22:15:00,ax52-7870-reference-001,ethrex,74.5,41.9
07-09 22:30,2026-07-09 22:30:00,ax52-7870-reference-001,ethrex,61.9,41.9
07-09 22:45,2026-07-09 22:45:00,ax52-7870-reference-001,ethrex,61.0,41.9
07-09 23:00,2026-07-09 23:00:00,ax52-7870-reference-001,ethrex,65.6,41.9
07-09 23:15,2026-07-09 23:15:00,ax52-7870-reference-001,ethrex,61.2,43.9
07-09 23:30,2026-07-09 23:30:00,ax52-7870-reference-001,ethrex,61.6,42.9
07-09 23:45,2026-07-09 23:45:00,ax52-7870-reference-001,ethrex,60.8,41.9
07-10 00:00,2026-07-10 00:00:00,ax52-7870-reference-001,ethrex,60.6,40.9
07-08 00:00,2026-07-08 00:00:00,ax52-7870-reference-002,Nethermind,58.1,30.9
07-08 00:15,2026-07-08 00:15:00,ax52-7870-reference-002,Nethermind,58.2,29.9
07-08 00:30,2026-07-08 00:30:00,ax52-7870-reference-002,Nethermind,57.6,29.9
07-08 00:45,2026-07-08 00:45:00,ax52-7870-reference-002,Nethermind,58.1,29.9
07-08 01:00,2026-07-08 01:00:00,ax52-7870-reference-002,Nethermind,59.2,31.9
07-08 01:15,2026-07-08 01:15:00,ax52-7870-reference-002,Nethermind,57.1,29.9
07-08 01:30,2026-07-08 01:30:00,ax52-7870-reference-002,Nethermind,57.2,29.9
07-08 01:45,2026-07-08 01:45:00,ax52-7870-reference-002,Nethermind,57.4,31.9
07-08 02:00,2026-07-08 02:00:00,ax52-7870-reference-002,Nethermind,57.5,30.9
07-08 02:15,2026-07-08 02:15:00,ax52-7870-reference-002,Nethermind,57.8,30.9
07-08 02:30,2026-07-08 02:30:00,ax52-7870-reference-002,Nethermind,57.0,29.9
07-08 02:45,2026-07-08 02:45:00,ax52-7870-reference-002,Nethermind,57.0,30.9
07-08 03:00,2026-07-08 03:00:00,ax52-7870-reference-002,Nethermind,57.6,30.9
07-08 03:15,2026-07-08 03:15:00,ax52-7870-reference-002,Nethermind,58.0,30.9
07-08 03:30,2026-07-08 03:30:00,ax52-7870-reference-002,Nethermind,57.2,30.9
07-08 03:45,2026-07-08 03:45:00,ax52-7870-reference-002,Nethermind,57.8,29.9
07-08 04:00,2026-07-08 04:00:00,ax52-7870-reference-002,Nethermind,58.2,29.9
07-08 04:15,2026-07-08 04:15:00,ax52-7870-reference-002,Nethermind,57.0,28.9
07-08 04:30,2026-07-08 04:30:00,ax52-7870-reference-002,Nethermind,57.2,29.9
07-08 04:45,2026-07-08 04:45:00,ax52-7870-reference-002,Nethermind,57.9,29.9
07-08 05:00,2026-07-08 05:00:00,ax52-7870-reference-002,Nethermind,57.0,29.9
07-08 05:15,2026-07-08 05:15:00,ax52-7870-reference-002,Nethermind,58.8,30.9
07-08 05:30,2026-07-08 05:30:00,ax52-7870-reference-002,Nethermind,67.1,29.9
07-08 05:45,2026-07-08 05:45:00,ax52-7870-reference-002,Nethermind,58.0,30.9
07-08 06:00,2026-07-08 06:00:00,ax52-7870-reference-002,Nethermind,58.9,30.9
07-08 06:15,2026-07-08 06:15:00,ax52-7870-reference-002,Nethermind,61.1,29.9
07-08 06:30,2026-07-08 06:30:00,ax52-7870-reference-002,Nethermind,59.6,30.9
07-08 06:45,2026-07-08 06:45:00,ax52-7870-reference-002,Nethermind,58.9,30.9
07-08 07:00,2026-07-08 07:00:00,ax52-7870-reference-002,Nethermind,58.2,30.9
07-08 07:15,2026-07-08 07:15:00,ax52-7870-reference-002,Nethermind,58.2,31.9
07-08 07:30,2026-07-08 07:30:00,ax52-7870-reference-002,Nethermind,59.4,31.9
07-08 07:45,2026-07-08 07:45:00,ax52-7870-reference-002,Nethermind,58.9,31.9
07-08 08:00,2026-07-08 08:00:00,ax52-7870-reference-002,Nethermind,58.9,31.9
07-08 08:15,2026-07-08 08:15:00,ax52-7870-reference-002,Nethermind,58.8,31.9
07-08 08:30,2026-07-08 08:30:00,ax52-7870-reference-002,Nethermind,57.9,33.9
07-08 08:45,2026-07-08 08:45:00,ax52-7870-reference-002,Nethermind,58.2,32.9
07-08 09:00,2026-07-08 09:00:00,ax52-7870-reference-002,Nethermind,59.1,30.9
07-08 09:15,2026-07-08 09:15:00,ax52-7870-reference-002,Nethermind,59.0,31.9
07-08 09:30,2026-07-08 09:30:00,ax52-7870-reference-002,Nethermind,59.2,31.9
07-08 09:45,2026-07-08 09:45:00,ax52-7870-reference-002,Nethermind,58.6,30.9
07-08 10:00,2026-07-08 10:00:00,ax52-7870-reference-002,Nethermind,57.8,31.9
07-08 10:15,2026-07-08 10:15:00,ax52-7870-reference-002,Nethermind,58.5,30.9
07-08 10:30,2026-07-08 10:30:00,ax52-7870-reference-002,Nethermind,58.9,31.9
07-08 10:45,2026-07-08 10:45:00,ax52-7870-reference-002,Nethermind,58.4,31.9
07-08 11:00,2026-07-08 11:00:00,ax52-7870-reference-002,Nethermind,58.4,30.9
07-08 11:15,2026-07-08 11:15:00,ax52-7870-reference-002,Nethermind,58.5,31.9
07-08 11:30,2026-07-08 11:30:00,ax52-7870-reference-002,Nethermind,57.2,31.9
07-08 11:45,2026-07-08 11:45:00,ax52-7870-reference-002,Nethermind,59.5,31.9
07-08 12:00,2026-07-08 12:00:00,ax52-7870-reference-002,Nethermind,59.6,30.9
07-08 12:15,2026-07-08 12:15:00,ax52-7870-reference-002,Nethermind,58.2,30.9
07-08 12:30,2026-07-08 12:30:00,ax52-7870-reference-002,Nethermind,59.5,30.9
07-08 12:45,2026-07-08 12:45:00,ax52-7870-reference-002,Nethermind,63.9,32.9
07-08 13:00,2026-07-08 13:00:00,ax52-7870-reference-002,Nethermind,58.9,30.9
07-08 13:15,2026-07-08 13:15:00,ax52-7870-reference-002,Nethermind,60.6,30.9
07-08 13:30,2026-07-08 13:30:00,ax52-7870-reference-002,Nethermind,68.0,32.9
07-08 13:45,2026-07-08 13:45:00,ax52-7870-reference-002,Nethermind,59.1,30.9
07-08 14:00,2026-07-08 14:00:00,ax52-7870-reference-002,Nethermind,59.0,29.9
07-08 14:15,2026-07-08 14:15:00,ax52-7870-reference-002,Nethermind,63.2,30.9
07-08 14:30,2026-07-08 14:30:00,ax52-7870-reference-002,Nethermind,59.1,30.9
07-08 14:45,2026-07-08 14:45:00,ax52-7870-reference-002,Nethermind,61.2,30.9
07-08 15:00,2026-07-08 15:00:00,ax52-7870-reference-002,Nethermind,58.9,30.9
07-08 15:15,2026-07-08 15:15:00,ax52-7870-reference-002,Nethermind,59.1,30.9
07-08 15:30,2026-07-08 15:30:00,ax52-7870-reference-002,Nethermind,58.5,29.9
07-08 15:45,2026-07-08 15:45:00,ax52-7870-reference-002,Nethermind,59.1,30.9
07-08 16:00,2026-07-08 16:00:00,ax52-7870-reference-002,Nethermind,62.5,30.9
07-08 16:15,2026-07-08 16:15:00,ax52-7870-reference-002,Nethermind,60.6,30.9
07-08 16:30,2026-07-08 16:30:00,ax52-7870-reference-002,Nethermind,60.2,31.9
07-08 16:45,2026-07-08 16:45:00,ax52-7870-reference-002,Nethermind,60.5,30.9
07-08 17:00,2026-07-08 17:00:00,ax52-7870-reference-002,Nethermind,58.4,29.9
07-08 17:15,2026-07-08 17:15:00,ax52-7870-reference-002,Nethermind,58.5,30.9
07-08 17:30,2026-07-08 17:30:00,ax52-7870-reference-002,Nethermind,58.2,30.9
07-08 17:45,2026-07-08 17:45:00,ax52-7870-reference-002,Nethermind,60.0,31.9
07-08 18:00,2026-07-08 18:00:00,ax52-7870-reference-002,Nethermind,57.6,31.9
07-08 18:15,2026-07-08 18:15:00,ax52-7870-reference-002,Nethermind,59.2,31.9
07-08 18:30,2026-07-08 18:30:00,ax52-7870-reference-002,Nethermind,59.6,31.9
07-08 18:45,2026-07-08 18:45:00,ax52-7870-reference-002,Nethermind,60.1,31.9
07-08 19:00,2026-07-08 19:00:00,ax52-7870-reference-002,Nethermind,60.2,30.9
07-08 19:15,2026-07-08 19:15:00,ax52-7870-reference-002,Nethermind,59.6,31.9
07-08 19:30,2026-07-08 19:30:00,ax52-7870-reference-002,Nethermind,59.8,30.9
07-08 19:45,2026-07-08 19:45:00,ax52-7870-reference-002,Nethermind,58.2,30.9
07-08 20:00,2026-07-08 20:00:00,ax52-7870-reference-002,Nethermind,59.0,30.9
07-08 20:15,2026-07-08 20:15:00,ax52-7870-reference-002,Nethermind,65.2,32.9
07-08 20:30,2026-07-08 20:30:00,ax52-7870-reference-002,Nethermind,60.0,30.9
07-08 20:45,2026-07-08 20:45:00,ax52-7870-reference-002,Nethermind,59.5,31.9
07-08 21:00,2026-07-08 21:00:00,ax52-7870-reference-002,Nethermind,71.0,36.9
07-08 21:15,2026-07-08 21:15:00,ax52-7870-reference-002,Nethermind,59.2,29.9
07-08 21:30,2026-07-08 21:30:00,ax52-7870-reference-002,Nethermind,67.8,30.9
07-08 21:45,2026-07-08 21:45:00,ax52-7870-reference-002,Nethermind,61.0,30.9
07-08 22:00,2026-07-08 22:00:00,ax52-7870-reference-002,Nethermind,57.9,30.9
07-08 22:15,2026-07-08 22:15:00,ax52-7870-reference-002,Nethermind,61.1,30.9
07-08 22:30,2026-07-08 22:30:00,ax52-7870-reference-002,Nethermind,59.1,32.9
07-08 22:45,2026-07-08 22:45:00,ax52-7870-reference-002,Nethermind,59.5,31.9
07-08 23:00,2026-07-08 23:00:00,ax52-7870-reference-002,Nethermind,59.0,30.9
07-08 23:15,2026-07-08 23:15:00,ax52-7870-reference-002,Nethermind,59.0,30.9
07-08 23:30,2026-07-08 23:30:00,ax52-7870-reference-002,Nethermind,59.8,30.9
07-08 23:45,2026-07-08 23:45:00,ax52-7870-reference-002,Nethermind,57.9,30.9
07-09 00:00,2026-07-09 00:00:00,ax52-7870-reference-002,Nethermind,58.5,31.9
07-09 00:15,2026-07-09 00:15:00,ax52-7870-reference-002,Nethermind,58.5,30.9
07-09 00:30,2026-07-09 00:30:00,ax52-7870-reference-002,Nethermind,58.1,30.9
07-09 00:45,2026-07-09 00:45:00,ax52-7870-reference-002,Nethermind,59.0,30.9
07-09 01:00,2026-07-09 01:00:00,ax52-7870-reference-002,Nethermind,59.2,30.9
07-09 01:15,2026-07-09 01:15:00,ax52-7870-reference-002,Nethermind,59.0,29.9
07-09 01:30,2026-07-09 01:30:00,ax52-7870-reference-002,Nethermind,58.5,30.9
07-09 01:45,2026-07-09 01:45:00,ax52-7870-reference-002,Nethermind,59.6,31.9
07-09 02:00,2026-07-09 02:00:00,ax52-7870-reference-002,Nethermind,58.1,30.9
07-09 02:15,2026-07-09 02:15:00,ax52-7870-reference-002,Nethermind,58.8,30.9
07-09 02:30,2026-07-09 02:30:00,ax52-7870-reference-002,Nethermind,58.2,30.9
07-09 02:45,2026-07-09 02:45:00,ax52-7870-reference-002,Nethermind,57.6,31.9
07-09 03:00,2026-07-09 03:00:00,ax52-7870-reference-002,Nethermind,58.2,29.9
07-09 03:15,2026-07-09 03:15:00,ax52-7870-reference-002,Nethermind,58.8,29.9
07-09 03:30,2026-07-09 03:30:00,ax52-7870-reference-002,Nethermind,59.1,30.9
07-09 03:45,2026-07-09 03:45:00,ax52-7870-reference-002,Nethermind,58.9,30.9
07-09 04:00,2026-07-09 04:00:00,ax52-7870-reference-002,Nethermind,58.6,31.9
07-09 04:15,2026-07-09 04:15:00,ax52-7870-reference-002,Nethermind,58.5,30.9
07-09 04:30,2026-07-09 04:30:00,ax52-7870-reference-002,Nethermind,58.8,29.9
07-09 04:45,2026-07-09 04:45:00,ax52-7870-reference-002,Nethermind,60.0,29.9
07-09 05:00,2026-07-09 05:00:00,ax52-7870-reference-002,Nethermind,59.2,31.9
07-09 05:15,2026-07-09 05:15:00,ax52-7870-reference-002,Nethermind,59.6,30.9
07-09 05:30,2026-07-09 05:30:00,ax52-7870-reference-002,Nethermind,69.4,31.9
07-09 05:45,2026-07-09 05:45:00,ax52-7870-reference-002,Nethermind,59.8,30.9
07-09 06:00,2026-07-09 06:00:00,ax52-7870-reference-002,Nethermind,58.1,30.9
07-09 06:15,2026-07-09 06:15:00,ax52-7870-reference-002,Nethermind,60.9,29.9
07-09 06:30,2026-07-09 06:30:00,ax52-7870-reference-002,Nethermind,58.0,30.9
07-09 06:45,2026-07-09 06:45:00,ax52-7870-reference-002,Nethermind,58.8,29.9
07-09 07:00,2026-07-09 07:00:00,ax52-7870-reference-002,Nethermind,56.9,29.9
07-09 07:15,2026-07-09 07:15:00,ax52-7870-reference-002,Nethermind,57.5,29.9
07-09 07:30,2026-07-09 07:30:00,ax52-7870-reference-002,Nethermind,57.4,30.9
07-09 07:45,2026-07-09 07:45:00,ax52-7870-reference-002,Nethermind,57.6,30.9
07-09 08:00,2026-07-09 08:00:00,ax52-7870-reference-002,Nethermind,58.1,31.9
07-09 08:15,2026-07-09 08:15:00,ax52-7870-reference-002,Nethermind,56.0,31.9
07-09 08:30,2026-07-09 08:30:00,ax52-7870-reference-002,Nethermind,57.4,32.9
07-09 08:45,2026-07-09 08:45:00,ax52-7870-reference-002,Nethermind,57.5,30.9
07-09 09:00,2026-07-09 09:00:00,ax52-7870-reference-002,Nethermind,61.1,30.9
07-09 09:15,2026-07-09 09:15:00,ax52-7870-reference-002,Nethermind,57.1,29.9
07-09 09:30,2026-07-09 09:30:00,ax52-7870-reference-002,Nethermind,57.5,31.9
07-09 09:45,2026-07-09 09:45:00,ax52-7870-reference-002,Nethermind,58.1,30.9
07-09 10:00,2026-07-09 10:00:00,ax52-7870-reference-002,Nethermind,57.0,31.9
07-09 10:15,2026-07-09 10:15:00,ax52-7870-reference-002,Nethermind,57.2,30.9
07-09 10:30,2026-07-09 10:30:00,ax52-7870-reference-002,Nethermind,58.8,29.9
07-09 10:45,2026-07-09 10:45:00,ax52-7870-reference-002,Nethermind,58.0,30.9
07-09 11:00,2026-07-09 11:00:00,ax52-7870-reference-002,Nethermind,57.6,29.9
07-09 11:15,2026-07-09 11:15:00,ax52-7870-reference-002,Nethermind,57.2,30.9
07-09 11:30,2026-07-09 11:30:00,ax52-7870-reference-002,Nethermind,57.5,30.9
07-09 11:45,2026-07-09 11:45:00,ax52-7870-reference-002,Nethermind,58.2,30.9
07-09 12:00,2026-07-09 12:00:00,ax52-7870-reference-002,Nethermind,57.4,29.9
07-09 12:15,2026-07-09 12:15:00,ax52-7870-reference-002,Nethermind,57.5,29.9
07-09 12:30,2026-07-09 12:30:00,ax52-7870-reference-002,Nethermind,58.0,29.9
07-09 12:45,2026-07-09 12:45:00,ax52-7870-reference-002,Nethermind,58.9,31.9
07-09 13:00,2026-07-09 13:00:00,ax52-7870-reference-002,Nethermind,57.5,30.9
07-09 13:15,2026-07-09 13:15:00,ax52-7870-reference-002,Nethermind,58.2,29.9
07-09 13:30,2026-07-09 13:30:00,ax52-7870-reference-002,Nethermind,66.8,30.9
07-09 13:45,2026-07-09 13:45:00,ax52-7870-reference-002,Nethermind,57.9,30.9
07-09 14:00,2026-07-09 14:00:00,ax52-7870-reference-002,Nethermind,58.9,30.9
07-09 14:15,2026-07-09 14:15:00,ax52-7870-reference-002,Nethermind,61.0,31.9
07-09 14:30,2026-07-09 14:30:00,ax52-7870-reference-002,Nethermind,58.6,32.9
07-09 14:45,2026-07-09 14:45:00,ax52-7870-reference-002,Nethermind,60.9,33.9
07-09 15:00,2026-07-09 15:00:00,ax52-7870-reference-002,Nethermind,58.2,31.9
07-09 15:15,2026-07-09 15:15:00,ax52-7870-reference-002,Nethermind,61.2,42.9
07-09 15:30,2026-07-09 15:30:00,ax52-7870-reference-002,Nethermind,59.9,31.9
07-09 15:45,2026-07-09 15:45:00,ax52-7870-reference-002,Nethermind,57.4,32.9
07-09 16:00,2026-07-09 16:00:00,ax52-7870-reference-002,Nethermind,58.2,32.9
07-09 16:15,2026-07-09 16:15:00,ax52-7870-reference-002,Nethermind,58.8,30.9
07-09 16:30,2026-07-09 16:30:00,ax52-7870-reference-002,Nethermind,59.0,31.9
07-09 16:45,2026-07-09 16:45:00,ax52-7870-reference-002,Nethermind,58.4,31.9
07-09 17:00,2026-07-09 17:00:00,ax52-7870-reference-002,Nethermind,59.0,31.9
07-09 17:15,2026-07-09 17:15:00,ax52-7870-reference-002,Nethermind,58.1,30.9
07-09 17:30,2026-07-09 17:30:00,ax52-7870-reference-002,Nethermind,58.1,30.9
07-09 17:45,2026-07-09 17:45:00,ax52-7870-reference-002,Nethermind,58.9,30.9
07-09 18:00,2026-07-09 18:00:00,ax52-7870-reference-002,Nethermind,57.9,32.9
07-09 18:15,2026-07-09 18:15:00,ax52-7870-reference-002,Nethermind,58.0,29.9
07-09 18:30,2026-07-09 18:30:00,ax52-7870-reference-002,Nethermind,58.4,30.9
07-09 18:45,2026-07-09 18:45:00,ax52-7870-reference-002,Nethermind,58.1,33.9
07-09 19:00,2026-07-09 19:00:00,ax52-7870-reference-002,Nethermind,57.8,30.9
07-09 19:15,2026-07-09 19:15:00,ax52-7870-reference-002,Nethermind,58.9,32.9
07-09 19:30,2026-07-09 19:30:00,ax52-7870-reference-002,Nethermind,57.1,31.9
07-09 19:45,2026-07-09 19:45:00,ax52-7870-reference-002,Nethermind,58.4,30.9
07-09 20:00,2026-07-09 20:00:00,ax52-7870-reference-002,Nethermind,57.6,29.9
07-09 20:15,2026-07-09 20:15:00,ax52-7870-reference-002,Nethermind,58.9,29.9
07-09 20:30,2026-07-09 20:30:00,ax52-7870-reference-002,Nethermind,62.6,31.9
07-09 20:45,2026-07-09 20:45:00,ax52-7870-reference-002,Nethermind,61.5,29.9
07-09 21:00,2026-07-09 21:00:00,ax52-7870-reference-002,Nethermind,60.4,30.9
07-09 21:15,2026-07-09 21:15:00,ax52-7870-reference-002,Nethermind,62.1,29.9
07-09 21:30,2026-07-09 21:30:00,ax52-7870-reference-002,Nethermind,66.9,30.9
07-09 21:45,2026-07-09 21:45:00,ax52-7870-reference-002,Nethermind,60.4,31.9
07-09 22:00,2026-07-09 22:00:00,ax52-7870-reference-002,Nethermind,58.9,30.9
07-09 22:15,2026-07-09 22:15:00,ax52-7870-reference-002,Nethermind,60.9,30.9
07-09 22:30,2026-07-09 22:30:00,ax52-7870-reference-002,Nethermind,58.0,31.9
07-09 22:45,2026-07-09 22:45:00,ax52-7870-reference-002,Nethermind,59.9,29.9
07-09 23:00,2026-07-09 23:00:00,ax52-7870-reference-002,Nethermind,58.2,31.9
07-09 23:15,2026-07-09 23:15:00,ax52-7870-reference-002,Nethermind,60.1,30.9
07-09 23:30,2026-07-09 23:30:00,ax52-7870-reference-002,Nethermind,59.2,30.9
07-09 23:45,2026-07-09 23:45:00,ax52-7870-reference-002,Nethermind,62.0,30.9
07-10 00:00,2026-07-10 00:00:00,ax52-7870-reference-002,Nethermind,58.4,30.9
07-08 00:00,2026-07-08 00:00:00,ax52-7870-reference-003,Besu,61.8,28.9
07-08 00:15,2026-07-08 00:15:00,ax52-7870-reference-003,Besu,62.8,28.9
07-08 00:30,2026-07-08 00:30:00,ax52-7870-reference-003,Besu,58.0,28.9
07-08 00:45,2026-07-08 00:45:00,ax52-7870-reference-003,Besu,59.1,28.9
07-08 01:00,2026-07-08 01:00:00,ax52-7870-reference-003,Besu,59.1,28.9
07-08 01:15,2026-07-08 01:15:00,ax52-7870-reference-003,Besu,58.4,28.9
07-08 01:30,2026-07-08 01:30:00,ax52-7870-reference-003,Besu,59.0,28.9
07-08 01:45,2026-07-08 01:45:00,ax52-7870-reference-003,Besu,58.9,29.9
07-08 02:00,2026-07-08 02:00:00,ax52-7870-reference-003,Besu,57.5,28.9
07-08 02:15,2026-07-08 02:15:00,ax52-7870-reference-003,Besu,60.4,28.9
07-08 02:30,2026-07-08 02:30:00,ax52-7870-reference-003,Besu,60.2,28.9
07-08 02:45,2026-07-08 02:45:00,ax52-7870-reference-003,Besu,60.6,29.9
07-08 03:00,2026-07-08 03:00:00,ax52-7870-reference-003,Besu,57.9,29.9
07-08 03:15,2026-07-08 03:15:00,ax52-7870-reference-003,Besu,58.8,30.9
07-08 03:30,2026-07-08 03:30:00,ax52-7870-reference-003,Besu,58.8,28.9
07-08 03:45,2026-07-08 03:45:00,ax52-7870-reference-003,Besu,59.2,28.9
07-08 04:00,2026-07-08 04:00:00,ax52-7870-reference-003,Besu,58.6,27.9
07-08 04:15,2026-07-08 04:15:00,ax52-7870-reference-003,Besu,58.4,28.9
07-08 04:30,2026-07-08 04:30:00,ax52-7870-reference-003,Besu,58.8,28.9
07-08 04:45,2026-07-08 04:45:00,ax52-7870-reference-003,Besu,59.6,28.9
07-08 05:00,2026-07-08 05:00:00,ax52-7870-reference-003,Besu,57.9,28.9
07-08 05:15,2026-07-08 05:15:00,ax52-7870-reference-003,Besu,60.4,29.9
07-08 05:30,2026-07-08 05:30:00,ax52-7870-reference-003,Besu,65.5,29.9
07-08 05:45,2026-07-08 05:45:00,ax52-7870-reference-003,Besu,63.5,31.9
07-08 06:00,2026-07-08 06:00:00,ax52-7870-reference-003,Besu,61.5,30.9
07-08 06:15,2026-07-08 06:15:00,ax52-7870-reference-003,Besu,63.4,30.9
07-08 06:30,2026-07-08 06:30:00,ax52-7870-reference-003,Besu,59.6,29.9
07-08 06:45,2026-07-08 06:45:00,ax52-7870-reference-003,Besu,58.9,30.9
07-08 07:00,2026-07-08 07:00:00,ax52-7870-reference-003,Besu,59.5,29.9
07-08 07:15,2026-07-08 07:15:00,ax52-7870-reference-003,Besu,57.4,29.9
07-08 07:30,2026-07-08 07:30:00,ax52-7870-reference-003,Besu,61.6,29.9
07-08 07:45,2026-07-08 07:45:00,ax52-7870-reference-003,Besu,60.2,30.9
07-08 08:00,2026-07-08 08:00:00,ax52-7870-reference-003,Besu,59.9,30.9
07-08 08:15,2026-07-08 08:15:00,ax52-7870-reference-003,Besu,69.9,31.9
07-08 08:30,2026-07-08 08:30:00,ax52-7870-reference-003,Besu,59.8,29.9
07-08 08:45,2026-07-08 08:45:00,ax52-7870-reference-003,Besu,65.8,29.9
07-08 09:00,2026-07-08 09:00:00,ax52-7870-reference-003,Besu,61.0,29.9
07-08 09:15,2026-07-08 09:15:00,ax52-7870-reference-003,Besu,60.8,30.9
07-08 09:30,2026-07-08 09:30:00,ax52-7870-reference-003,Besu,61.4,30.9
07-08 09:45,2026-07-08 09:45:00,ax52-7870-reference-003,Besu,62.2,30.9
07-08 10:00,2026-07-08 10:00:00,ax52-7870-reference-003,Besu,58.9,29.9
07-08 10:15,2026-07-08 10:15:00,ax52-7870-reference-003,Besu,59.4,29.9
07-08 10:30,2026-07-08 10:30:00,ax52-7870-reference-003,Besu,56.5,28.9
07-08 10:45,2026-07-08 10:45:00,ax52-7870-reference-003,Besu,59.4,30.9
07-08 11:00,2026-07-08 11:00:00,ax52-7870-reference-003,Besu,59.4,29.9
07-08 11:15,2026-07-08 11:15:00,ax52-7870-reference-003,Besu,72.1,57.9
07-08 11:30,2026-07-08 11:30:00,ax52-7870-reference-003,Besu,63.2,47.9
07-08 11:45,2026-07-08 11:45:00,ax52-7870-reference-003,Besu,61.1,29.9
07-08 12:00,2026-07-08 12:00:00,ax52-7870-reference-003,Besu,60.1,30.9
07-08 12:15,2026-07-08 12:15:00,ax52-7870-reference-003,Besu,60.1,30.9
07-08 12:30,2026-07-08 12:30:00,ax52-7870-reference-003,Besu,58.6,29.9
07-08 12:45,2026-07-08 12:45:00,ax52-7870-reference-003,Besu,59.0,29.9
07-08 13:00,2026-07-08 13:00:00,ax52-7870-reference-003,Besu,57.4,29.9
07-08 13:15,2026-07-08 13:15:00,ax52-7870-reference-003,Besu,60.9,29.9
07-08 13:30,2026-07-08 13:30:00,ax52-7870-reference-003,Besu,66.0,29.9
07-08 13:45,2026-07-08 13:45:00,ax52-7870-reference-003,Besu,61.8,29.9
07-08 14:00,2026-07-08 14:00:00,ax52-7870-reference-003,Besu,71.8,29.9
07-08 14:15,2026-07-08 14:15:00,ax52-7870-reference-003,Besu,65.8,29.9
07-08 14:30,2026-07-08 14:30:00,ax52-7870-reference-003,Besu,61.8,29.9
07-08 14:45,2026-07-08 14:45:00,ax52-7870-reference-003,Besu,62.4,31.9
07-08 15:00,2026-07-08 15:00:00,ax52-7870-reference-003,Besu,63.0,29.9
07-08 15:15,2026-07-08 15:15:00,ax52-7870-reference-003,Besu,61.9,29.9
07-08 15:30,2026-07-08 15:30:00,ax52-7870-reference-003,Besu,57.0,28.9
07-08 15:45,2026-07-08 15:45:00,ax52-7870-reference-003,Besu,60.8,29.9
07-08 16:00,2026-07-08 16:00:00,ax52-7870-reference-003,Besu,63.6,28.9
07-08 16:15,2026-07-08 16:15:00,ax52-7870-reference-003,Besu,58.8,28.9
07-08 16:30,2026-07-08 16:30:00,ax52-7870-reference-003,Besu,58.9,29.9
07-08 16:45,2026-07-08 16:45:00,ax52-7870-reference-003,Besu,61.6,32.9
07-08 17:00,2026-07-08 17:00:00,ax52-7870-reference-003,Besu,59.6,30.9
07-08 17:15,2026-07-08 17:15:00,ax52-7870-reference-003,Besu,59.0,30.9
07-08 17:30,2026-07-08 17:30:00,ax52-7870-reference-003,Besu,59.6,30.9
07-08 17:45,2026-07-08 17:45:00,ax52-7870-reference-003,Besu,64.0,29.9
07-08 18:00,2026-07-08 18:00:00,ax52-7870-reference-003,Besu,60.2,29.9
07-08 18:15,2026-07-08 18:15:00,ax52-7870-reference-003,Besu,59.6,29.9
07-08 18:30,2026-07-08 18:30:00,ax52-7870-reference-003,Besu,60.8,28.9
07-08 18:45,2026-07-08 18:45:00,ax52-7870-reference-003,Besu,62.1,30.9
07-08 19:00,2026-07-08 19:00:00,ax52-7870-reference-003,Besu,61.1,28.9
07-08 19:15,2026-07-08 19:15:00,ax52-7870-reference-003,Besu,57.4,28.9
07-08 19:30,2026-07-08 19:30:00,ax52-7870-reference-003,Besu,62.5,28.9
07-08 19:45,2026-07-08 19:45:00,ax52-7870-reference-003,Besu,56.9,28.9
07-08 20:00,2026-07-08 20:00:00,ax52-7870-reference-003,Besu,61.0,28.9
07-08 20:15,2026-07-08 20:15:00,ax52-7870-reference-003,Besu,60.4,28.9
07-08 20:30,2026-07-08 20:30:00,ax52-7870-reference-003,Besu,64.2,29.9
07-08 20:45,2026-07-08 20:45:00,ax52-7870-reference-003,Besu,58.9,28.9
07-08 21:00,2026-07-08 21:00:00,ax52-7870-reference-003,Besu,60.0,28.9
07-08 21:15,2026-07-08 21:15:00,ax52-7870-reference-003,Besu,61.6,30.9
07-08 21:30,2026-07-08 21:30:00,ax52-7870-reference-003,Besu,66.9,29.9
07-08 21:45,2026-07-08 21:45:00,ax52-7870-reference-003,Besu,62.6,28.9
07-08 22:00,2026-07-08 22:00:00,ax52-7870-reference-003,Besu,60.0,28.9
07-08 22:15,2026-07-08 22:15:00,ax52-7870-reference-003,Besu,62.5,28.9
07-08 22:30,2026-07-08 22:30:00,ax52-7870-reference-003,Besu,60.0,28.9
07-08 22:45,2026-07-08 22:45:00,ax52-7870-reference-003,Besu,60.8,29.9
07-08 23:00,2026-07-08 23:00:00,ax52-7870-reference-003,Besu,61.8,29.9
07-08 23:15,2026-07-08 23:15:00,ax52-7870-reference-003,Besu,59.8,29.9
07-08 23:30,2026-07-08 23:30:00,ax52-7870-reference-003,Besu,60.5,28.9
07-08 23:45,2026-07-08 23:45:00,ax52-7870-reference-003,Besu,58.2,28.9
07-09 00:00,2026-07-09 00:00:00,ax52-7870-reference-003,Besu,57.2,28.9
07-09 00:15,2026-07-09 00:15:00,ax52-7870-reference-003,Besu,59.5,28.9
07-09 00:30,2026-07-09 00:30:00,ax52-7870-reference-003,Besu,56.6,28.9
07-09 00:45,2026-07-09 00:45:00,ax52-7870-reference-003,Besu,67.8,30.9
07-09 01:00,2026-07-09 01:00:00,ax52-7870-reference-003,Besu,62.0,30.9
07-09 01:15,2026-07-09 01:15:00,ax52-7870-reference-003,Besu,59.1,28.9
07-09 01:30,2026-07-09 01:30:00,ax52-7870-reference-003,Besu,61.4,29.9
07-09 01:45,2026-07-09 01:45:00,ax52-7870-reference-003,Besu,58.4,28.9
07-09 02:00,2026-07-09 02:00:00,ax52-7870-reference-003,Besu,59.1,28.9
07-09 02:15,2026-07-09 02:15:00,ax52-7870-reference-003,Besu,60.4,28.9
07-09 02:30,2026-07-09 02:30:00,ax52-7870-reference-003,Besu,58.9,28.9
07-09 02:45,2026-07-09 02:45:00,ax52-7870-reference-003,Besu,61.9,29.9
07-09 03:00,2026-07-09 03:00:00,ax52-7870-reference-003,Besu,60.2,29.9
07-09 03:15,2026-07-09 03:15:00,ax52-7870-reference-003,Besu,59.5,28.9
07-09 03:30,2026-07-09 03:30:00,ax52-7870-reference-003,Besu,58.9,30.9
07-09 03:45,2026-07-09 03:45:00,ax52-7870-reference-003,Besu,59.2,28.9
07-09 04:00,2026-07-09 04:00:00,ax52-7870-reference-003,Besu,61.1,29.9
07-09 04:15,2026-07-09 04:15:00,ax52-7870-reference-003,Besu,58.1,28.9
07-09 04:30,2026-07-09 04:30:00,ax52-7870-reference-003,Besu,59.5,28.9
07-09 04:45,2026-07-09 04:45:00,ax52-7870-reference-003,Besu,59.1,28.9
07-09 05:00,2026-07-09 05:00:00,ax52-7870-reference-003,Besu,59.5,29.9
07-09 05:15,2026-07-09 05:15:00,ax52-7870-reference-003,Besu,62.0,28.9
07-09 05:30,2026-07-09 05:30:00,ax52-7870-reference-003,Besu,62.5,28.9
07-09 05:45,2026-07-09 05:45:00,ax52-7870-reference-003,Besu,58.2,28.9
07-09 06:00,2026-07-09 06:00:00,ax52-7870-reference-003,Besu,59.6,28.9
07-09 06:15,2026-07-09 06:15:00,ax52-7870-reference-003,Besu,62.0,28.9
07-09 06:30,2026-07-09 06:30:00,ax52-7870-reference-003,Besu,59.4,28.9
07-09 06:45,2026-07-09 06:45:00,ax52-7870-reference-003,Besu,59.9,29.9
07-09 07:00,2026-07-09 07:00:00,ax52-7870-reference-003,Besu,57.4,27.9
07-09 07:15,2026-07-09 07:15:00,ax52-7870-reference-003,Besu,60.4,29.9
07-09 07:30,2026-07-09 07:30:00,ax52-7870-reference-003,Besu,58.0,27.9
07-09 07:45,2026-07-09 07:45:00,ax52-7870-reference-003,Besu,58.9,29.9
07-09 08:00,2026-07-09 08:00:00,ax52-7870-reference-003,Besu,59.8,28.9
07-09 08:15,2026-07-09 08:15:00,ax52-7870-reference-003,Besu,56.1,28.9
07-09 08:30,2026-07-09 08:30:00,ax52-7870-reference-003,Besu,57.8,28.9
07-09 08:45,2026-07-09 08:45:00,ax52-7870-reference-003,Besu,59.1,27.9
07-09 09:00,2026-07-09 09:00:00,ax52-7870-reference-003,Besu,58.0,28.9
07-09 09:15,2026-07-09 09:15:00,ax52-7870-reference-003,Besu,59.1,28.9
07-09 09:30,2026-07-09 09:30:00,ax52-7870-reference-003,Besu,58.8,31.9
07-09 09:45,2026-07-09 09:45:00,ax52-7870-reference-003,Besu,57.6,28.9
07-09 10:00,2026-07-09 10:00:00,ax52-7870-reference-003,Besu,58.8,29.9
07-09 10:15,2026-07-09 10:15:00,ax52-7870-reference-003,Besu,57.1,29.9
07-09 10:30,2026-07-09 10:30:00,ax52-7870-reference-003,Besu,60.6,29.9
07-09 10:45,2026-07-09 10:45:00,ax52-7870-reference-003,Besu,60.0,30.9
07-09 11:00,2026-07-09 11:00:00,ax52-7870-reference-003,Besu,62.1,28.9
07-09 11:15,2026-07-09 11:15:00,ax52-7870-reference-003,Besu,59.2,28.9
07-09 11:30,2026-07-09 11:30:00,ax52-7870-reference-003,Besu,58.9,28.9
07-09 11:45,2026-07-09 11:45:00,ax52-7870-reference-003,Besu,64.5,28.9
07-09 12:00,2026-07-09 12:00:00,ax52-7870-reference-003,Besu,59.5,28.9
07-09 12:15,2026-07-09 12:15:00,ax52-7870-reference-003,Besu,59.8,28.9
07-09 12:30,2026-07-09 12:30:00,ax52-7870-reference-003,Besu,57.4,28.9
07-09 12:45,2026-07-09 12:45:00,ax52-7870-reference-003,Besu,59.0,28.9
07-09 13:00,2026-07-09 13:00:00,ax52-7870-reference-003,Besu,56.5,28.9
07-09 13:15,2026-07-09 13:15:00,ax52-7870-reference-003,Besu,66.4,29.9
07-09 13:30,2026-07-09 13:30:00,ax52-7870-reference-003,Besu,63.4,28.9
07-09 13:45,2026-07-09 13:45:00,ax52-7870-reference-003,Besu,60.4,28.9
07-09 14:00,2026-07-09 14:00:00,ax52-7870-reference-003,Besu,60.2,28.9
07-09 14:15,2026-07-09 14:15:00,ax52-7870-reference-003,Besu,64.0,30.9
07-09 14:30,2026-07-09 14:30:00,ax52-7870-reference-003,Besu,59.5,30.9
07-09 14:45,2026-07-09 14:45:00,ax52-7870-reference-003,Besu,58.4,30.9
07-09 15:00,2026-07-09 15:00:00,ax52-7870-reference-003,Besu,67.9,37.9
07-09 15:15,2026-07-09 15:15:00,ax52-7870-reference-003,Besu,65.5,40.9
07-09 15:30,2026-07-09 15:30:00,ax52-7870-reference-003,Besu,64.6,33.9
07-09 15:45,2026-07-09 15:45:00,ax52-7870-reference-003,Besu,59.5,34.9
07-09 16:00,2026-07-09 16:00:00,ax52-7870-reference-003,Besu,57.8,29.9
07-09 16:15,2026-07-09 16:15:00,ax52-7870-reference-003,Besu,62.2,28.9
07-09 16:30,2026-07-09 16:30:00,ax52-7870-reference-003,Besu,59.6,29.9
07-09 16:45,2026-07-09 16:45:00,ax52-7870-reference-003,Besu,56.2,30.9
07-09 17:00,2026-07-09 17:00:00,ax52-7870-reference-003,Besu,59.4,28.9
07-09 17:15,2026-07-09 17:15:00,ax52-7870-reference-003,Besu,66.4,28.9
07-09 17:30,2026-07-09 17:30:00,ax52-7870-reference-003,Besu,57.0,28.9
07-09 17:45,2026-07-09 17:45:00,ax52-7870-reference-003,Besu,59.8,28.9
07-09 18:00,2026-07-09 18:00:00,ax52-7870-reference-003,Besu,59.8,29.9
07-09 18:15,2026-07-09 18:15:00,ax52-7870-reference-003,Besu,63.8,29.9
07-09 18:30,2026-07-09 18:30:00,ax52-7870-reference-003,Besu,58.4,28.9
07-09 18:45,2026-07-09 18:45:00,ax52-7870-reference-003,Besu,59.1,31.9
07-09 19:00,2026-07-09 19:00:00,ax52-7870-reference-003,Besu,57.6,31.9
07-09 19:15,2026-07-09 19:15:00,ax52-7870-reference-003,Besu,57.9,29.9
07-09 19:30,2026-07-09 19:30:00,ax52-7870-reference-003,Besu,61.9,29.9
07-09 19:45,2026-07-09 19:45:00,ax52-7870-reference-003,Besu,58.6,30.9
07-09 20:00,2026-07-09 20:00:00,ax52-7870-reference-003,Besu,56.5,28.9
07-09 20:15,2026-07-09 20:15:00,ax52-7870-reference-003,Besu,59.2,28.9
07-09 20:30,2026-07-09 20:30:00,ax52-7870-reference-003,Besu,62.2,29.9
07-09 20:45,2026-07-09 20:45:00,ax52-7870-reference-003,Besu,60.5,28.9
07-09 21:00,2026-07-09 21:00:00,ax52-7870-reference-003,Besu,61.1,28.9
07-09 21:15,2026-07-09 21:15:00,ax52-7870-reference-003,Besu,70.1,32.9
07-09 21:30,2026-07-09 21:30:00,ax52-7870-reference-003,Besu,64.1,27.9
07-09 21:45,2026-07-09 21:45:00,ax52-7870-reference-003,Besu,62.2,28.9
07-09 22:00,2026-07-09 22:00:00,ax52-7870-reference-003,Besu,58.5,27.9
07-09 22:15,2026-07-09 22:15:00,ax52-7870-reference-003,Besu,67.2,27.9
07-09 22:30,2026-07-09 22:30:00,ax52-7870-reference-003,Besu,57.5,28.9
07-09 22:45,2026-07-09 22:45:00,ax52-7870-reference-003,Besu,61.1,27.9
07-09 23:00,2026-07-09 23:00:00,ax52-7870-reference-003,Besu,59.1,30.9
07-09 23:15,2026-07-09 23:15:00,ax52-7870-reference-003,Besu,60.0,29.9
07-09 23:30,2026-07-09 23:30:00,ax52-7870-reference-003,Besu,58.2,28.9
07-09 23:45,2026-07-09 23:45:00,ax52-7870-reference-003,Besu,60.6,28.9
07-10 00:00,2026-07-10 00:00:00,ax52-7870-reference-003,Besu,58.5,27.9
07-08 00:00,2026-07-08 00:00:00,ax52-7870-reference-004,go-ethereum,54.0,31.9
07-08 00:15,2026-07-08 00:15:00,ax52-7870-reference-004,go-ethereum,54.0,32.9
07-08 00:30,2026-07-08 00:30:00,ax52-7870-reference-004,go-ethereum,54.4,32.9
07-08 00:45,2026-07-08 00:45:00,ax52-7870-reference-004,go-ethereum,54.4,31.9
07-08 01:00,2026-07-08 01:00:00,ax52-7870-reference-004,go-ethereum,54.1,32.9
07-08 01:15,2026-07-08 01:15:00,ax52-7870-reference-004,go-ethereum,54.0,32.9
07-08 01:30,2026-07-08 01:30:00,ax52-7870-reference-004,go-ethereum,53.5,32.9
07-08 01:45,2026-07-08 01:45:00,ax52-7870-reference-004,go-ethereum,53.8,32.9
07-08 02:00,2026-07-08 02:00:00,ax52-7870-reference-004,go-ethereum,55.0,32.9
07-08 02:15,2026-07-08 02:15:00,ax52-7870-reference-004,go-ethereum,54.2,32.9
07-08 02:30,2026-07-08 02:30:00,ax52-7870-reference-004,go-ethereum,53.8,31.9
07-08 02:45,2026-07-08 02:45:00,ax52-7870-reference-004,go-ethereum,55.2,32.9
07-08 03:00,2026-07-08 03:00:00,ax52-7870-reference-004,go-ethereum,53.9,31.9
07-08 03:15,2026-07-08 03:15:00,ax52-7870-reference-004,go-ethereum,55.1,32.9
07-08 03:30,2026-07-08 03:30:00,ax52-7870-reference-004,go-ethereum,53.1,31.9
07-08 03:45,2026-07-08 03:45:00,ax52-7870-reference-004,go-ethereum,55.6,32.9
07-08 04:00,2026-07-08 04:00:00,ax52-7870-reference-004,go-ethereum,53.9,31.9
07-08 04:15,2026-07-08 04:15:00,ax52-7870-reference-004,go-ethereum,53.2,32.9
07-08 04:30,2026-07-08 04:30:00,ax52-7870-reference-004,go-ethereum,54.4,31.9
07-08 04:45,2026-07-08 04:45:00,ax52-7870-reference-004,go-ethereum,56.6,32.9
07-08 05:00,2026-07-08 05:00:00,ax52-7870-reference-004,go-ethereum,55.5,33.9
07-08 05:15,2026-07-08 05:15:00,ax52-7870-reference-004,go-ethereum,56.9,32.9
07-08 05:30,2026-07-08 05:30:00,ax52-7870-reference-004,go-ethereum,66.4,31.9
07-08 05:45,2026-07-08 05:45:00,ax52-7870-reference-004,go-ethereum,55.8,33.9
07-08 06:00,2026-07-08 06:00:00,ax52-7870-reference-004,go-ethereum,56.1,32.9
07-08 06:15,2026-07-08 06:15:00,ax52-7870-reference-004,go-ethereum,62.9,32.9
07-08 06:30,2026-07-08 06:30:00,ax52-7870-reference-004,go-ethereum,56.0,32.9
07-08 06:45,2026-07-08 06:45:00,ax52-7870-reference-004,go-ethereum,55.9,31.9
07-08 07:00,2026-07-08 07:00:00,ax52-7870-reference-004,go-ethereum,56.4,31.9
07-08 07:15,2026-07-08 07:15:00,ax52-7870-reference-004,go-ethereum,55.0,32.9
07-08 07:30,2026-07-08 07:30:00,ax52-7870-reference-004,go-ethereum,57.4,31.9
07-08 07:45,2026-07-08 07:45:00,ax52-7870-reference-004,go-ethereum,55.6,31.9
07-08 08:00,2026-07-08 08:00:00,ax52-7870-reference-004,go-ethereum,55.9,32.9
07-08 08:15,2026-07-08 08:15:00,ax52-7870-reference-004,go-ethereum,55.4,32.9
07-08 08:30,2026-07-08 08:30:00,ax52-7870-reference-004,go-ethereum,55.1,34.9
07-08 08:45,2026-07-08 08:45:00,ax52-7870-reference-004,go-ethereum,54.9,32.9
07-08 09:00,2026-07-08 09:00:00,ax52-7870-reference-004,go-ethereum,56.8,31.9
07-08 09:15,2026-07-08 09:15:00,ax52-7870-reference-004,go-ethereum,55.5,35.9
07-08 09:30,2026-07-08 09:30:00,ax52-7870-reference-004,go-ethereum,55.6,31.9
07-08 09:45,2026-07-08 09:45:00,ax52-7870-reference-004,go-ethereum,55.6,36.9
07-08 10:00,2026-07-08 10:00:00,ax52-7870-reference-004,go-ethereum,55.2,36.9
07-08 10:15,2026-07-08 10:15:00,ax52-7870-reference-004,go-ethereum,55.9,35.9
07-08 10:30,2026-07-08 10:30:00,ax52-7870-reference-004,go-ethereum,55.1,32.9
07-08 10:45,2026-07-08 10:45:00,ax52-7870-reference-004,go-ethereum,55.0,34.9
07-08 11:00,2026-07-08 11:00:00,ax52-7870-reference-004,go-ethereum,54.8,33.9
07-08 11:15,2026-07-08 11:15:00,ax52-7870-reference-004,go-ethereum,55.0,32.9
07-08 11:30,2026-07-08 11:30:00,ax52-7870-reference-004,go-ethereum,55.2,33.9
07-08 11:45,2026-07-08 11:45:00,ax52-7870-reference-004,go-ethereum,56.2,32.9
07-08 12:00,2026-07-08 12:00:00,ax52-7870-reference-004,go-ethereum,55.8,32.9
07-08 12:15,2026-07-08 12:15:00,ax52-7870-reference-004,go-ethereum,56.5,32.9
07-08 12:30,2026-07-08 12:30:00,ax52-7870-reference-004,go-ethereum,55.5,31.9
07-08 12:45,2026-07-08 12:45:00,ax52-7870-reference-004,go-ethereum,55.5,31.9
07-08 13:00,2026-07-08 13:00:00,ax52-7870-reference-004,go-ethereum,55.4,31.9
07-08 13:15,2026-07-08 13:15:00,ax52-7870-reference-004,go-ethereum,56.4,31.9
07-08 13:30,2026-07-08 13:30:00,ax52-7870-reference-004,go-ethereum,67.8,31.9
07-08 13:45,2026-07-08 13:45:00,ax52-7870-reference-004,go-ethereum,56.8,32.9
07-08 14:00,2026-07-08 14:00:00,ax52-7870-reference-004,go-ethereum,72.0,38.9
07-08 14:15,2026-07-08 14:15:00,ax52-7870-reference-004,go-ethereum,68.1,32.9
07-08 14:30,2026-07-08 14:30:00,ax52-7870-reference-004,go-ethereum,54.4,31.9
07-08 14:45,2026-07-08 14:45:00,ax52-7870-reference-004,go-ethereum,55.2,31.9
07-08 15:00,2026-07-08 15:00:00,ax52-7870-reference-004,go-ethereum,57.4,31.9
07-08 15:15,2026-07-08 15:15:00,ax52-7870-reference-004,go-ethereum,56.5,31.9
07-08 15:30,2026-07-08 15:30:00,ax52-7870-reference-004,go-ethereum,55.6,32.9
07-08 15:45,2026-07-08 15:45:00,ax52-7870-reference-004,go-ethereum,56.9,33.9
07-08 16:00,2026-07-08 16:00:00,ax52-7870-reference-004,go-ethereum,57.2,31.9
07-08 16:15,2026-07-08 16:15:00,ax52-7870-reference-004,go-ethereum,55.9,32.9
07-08 16:30,2026-07-08 16:30:00,ax52-7870-reference-004,go-ethereum,55.1,31.9
07-08 16:45,2026-07-08 16:45:00,ax52-7870-reference-004,go-ethereum,59.5,33.9
07-08 17:00,2026-07-08 17:00:00,ax52-7870-reference-004,go-ethereum,56.4,31.9
07-08 17:15,2026-07-08 17:15:00,ax52-7870-reference-004,go-ethereum,55.5,32.9
07-08 17:30,2026-07-08 17:30:00,ax52-7870-reference-004,go-ethereum,56.8,31.9
07-08 17:45,2026-07-08 17:45:00,ax52-7870-reference-004,go-ethereum,56.6,31.9
07-08 18:00,2026-07-08 18:00:00,ax52-7870-reference-004,go-ethereum,55.4,31.9
07-08 18:15,2026-07-08 18:15:00,ax52-7870-reference-004,go-ethereum,55.9,31.9
07-08 18:30,2026-07-08 18:30:00,ax52-7870-reference-004,go-ethereum,55.5,31.9
07-08 18:45,2026-07-08 18:45:00,ax52-7870-reference-004,go-ethereum,55.8,31.9
07-08 19:00,2026-07-08 19:00:00,ax52-7870-reference-004,go-ethereum,56.1,31.9
07-08 19:15,2026-07-08 19:15:00,ax52-7870-reference-004,go-ethereum,55.1,32.9
07-08 19:30,2026-07-08 19:30:00,ax52-7870-reference-004,go-ethereum,55.9,32.9
07-08 19:45,2026-07-08 19:45:00,ax52-7870-reference-004,go-ethereum,55.8,31.9
07-08 20:00,2026-07-08 20:00:00,ax52-7870-reference-004,go-ethereum,55.9,33.9
07-08 20:15,2026-07-08 20:15:00,ax52-7870-reference-004,go-ethereum,58.5,31.9
07-08 20:30,2026-07-08 20:30:00,ax52-7870-reference-004,go-ethereum,56.0,33.9
07-08 20:45,2026-07-08 20:45:00,ax52-7870-reference-004,go-ethereum,55.2,32.9
07-08 21:00,2026-07-08 21:00:00,ax52-7870-reference-004,go-ethereum,56.5,31.9
07-08 21:15,2026-07-08 21:15:00,ax52-7870-reference-004,go-ethereum,58.6,31.9
07-08 21:30,2026-07-08 21:30:00,ax52-7870-reference-004,go-ethereum,64.9,33.9
07-08 21:45,2026-07-08 21:45:00,ax52-7870-reference-004,go-ethereum,58.0,32.9
07-08 22:00,2026-07-08 22:00:00,ax52-7870-reference-004,go-ethereum,54.4,31.9
07-08 22:15,2026-07-08 22:15:00,ax52-7870-reference-004,go-ethereum,62.2,32.9
07-08 22:30,2026-07-08 22:30:00,ax52-7870-reference-004,go-ethereum,55.6,31.9
07-08 22:45,2026-07-08 22:45:00,ax52-7870-reference-004,go-ethereum,57.0,31.9
07-08 23:00,2026-07-08 23:00:00,ax52-7870-reference-004,go-ethereum,56.4,31.9
07-08 23:15,2026-07-08 23:15:00,ax52-7870-reference-004,go-ethereum,56.8,31.9
07-08 23:30,2026-07-08 23:30:00,ax52-7870-reference-004,go-ethereum,55.1,31.9
07-08 23:45,2026-07-08 23:45:00,ax52-7870-reference-004,go-ethereum,56.4,31.9
07-09 00:00,2026-07-09 00:00:00,ax52-7870-reference-004,go-ethereum,54.5,31.9
07-09 00:15,2026-07-09 00:15:00,ax52-7870-reference-004,go-ethereum,57.4,31.9
07-09 00:30,2026-07-09 00:30:00,ax52-7870-reference-004,go-ethereum,55.1,31.9
07-09 00:45,2026-07-09 00:45:00,ax52-7870-reference-004,go-ethereum,56.5,31.9
07-09 01:00,2026-07-09 01:00:00,ax52-7870-reference-004,go-ethereum,55.6,31.9
07-09 01:15,2026-07-09 01:15:00,ax52-7870-reference-004,go-ethereum,57.0,31.9
07-09 01:30,2026-07-09 01:30:00,ax52-7870-reference-004,go-ethereum,56.1,32.9
07-09 01:45,2026-07-09 01:45:00,ax52-7870-reference-004,go-ethereum,55.8,31.9
07-09 02:00,2026-07-09 02:00:00,ax52-7870-reference-004,go-ethereum,56.6,31.9
07-09 02:15,2026-07-09 02:15:00,ax52-7870-reference-004,go-ethereum,57.1,31.9
07-09 02:30,2026-07-09 02:30:00,ax52-7870-reference-004,go-ethereum,54.5,31.9
07-09 02:45,2026-07-09 02:45:00,ax52-7870-reference-004,go-ethereum,54.6,31.9
07-09 03:00,2026-07-09 03:00:00,ax52-7870-reference-004,go-ethereum,58.4,31.9
07-09 03:15,2026-07-09 03:15:00,ax52-7870-reference-004,go-ethereum,56.8,31.9
07-09 03:30,2026-07-09 03:30:00,ax52-7870-reference-004,go-ethereum,55.8,31.9
07-09 03:45,2026-07-09 03:45:00,ax52-7870-reference-004,go-ethereum,56.4,32.9
07-09 04:00,2026-07-09 04:00:00,ax52-7870-reference-004,go-ethereum,57.1,32.9
07-09 04:15,2026-07-09 04:15:00,ax52-7870-reference-004,go-ethereum,54.0,31.9
07-09 04:30,2026-07-09 04:30:00,ax52-7870-reference-004,go-ethereum,55.6,32.9
07-09 04:45,2026-07-09 04:45:00,ax52-7870-reference-004,go-ethereum,55.1,32.9
07-09 05:00,2026-07-09 05:00:00,ax52-7870-reference-004,go-ethereum,56.5,31.9
07-09 05:15,2026-07-09 05:15:00,ax52-7870-reference-004,go-ethereum,55.8,31.9
07-09 05:30,2026-07-09 05:30:00,ax52-7870-reference-004,go-ethereum,65.1,42.9
07-09 05:45,2026-07-09 05:45:00,ax52-7870-reference-004,go-ethereum,55.4,34.9
07-09 06:00,2026-07-09 06:00:00,ax52-7870-reference-004,go-ethereum,56.2,33.9
07-09 06:15,2026-07-09 06:15:00,ax52-7870-reference-004,go-ethereum,63.8,33.9
07-09 06:30,2026-07-09 06:30:00,ax52-7870-reference-004,go-ethereum,56.1,32.9
07-09 06:45,2026-07-09 06:45:00,ax52-7870-reference-004,go-ethereum,56.2,31.9
07-09 07:00,2026-07-09 07:00:00,ax52-7870-reference-004,go-ethereum,55.5,30.9
07-09 07:15,2026-07-09 07:15:00,ax52-7870-reference-004,go-ethereum,56.0,30.9
07-09 07:30,2026-07-09 07:30:00,ax52-7870-reference-004,go-ethereum,55.8,31.9
07-09 07:45,2026-07-09 07:45:00,ax52-7870-reference-004,go-ethereum,54.9,31.9
07-09 08:00,2026-07-09 08:00:00,ax52-7870-reference-004,go-ethereum,54.8,31.9
07-09 08:15,2026-07-09 08:15:00,ax52-7870-reference-004,go-ethereum,55.4,31.9
07-09 08:30,2026-07-09 08:30:00,ax52-7870-reference-004,go-ethereum,59.0,32.9
07-09 08:45,2026-07-09 08:45:00,ax52-7870-reference-004,go-ethereum,54.5,31.9
07-09 09:00,2026-07-09 09:00:00,ax52-7870-reference-004,go-ethereum,54.9,31.9
07-09 09:15,2026-07-09 09:15:00,ax52-7870-reference-004,go-ethereum,54.5,31.9
07-09 09:30,2026-07-09 09:30:00,ax52-7870-reference-004,go-ethereum,55.5,31.9
07-09 09:45,2026-07-09 09:45:00,ax52-7870-reference-004,go-ethereum,55.4,31.9
07-09 10:00,2026-07-09 10:00:00,ax52-7870-reference-004,go-ethereum,56.1,32.9
07-09 10:15,2026-07-09 10:15:00,ax52-7870-reference-004,go-ethereum,53.4,31.9
07-09 10:30,2026-07-09 10:30:00,ax52-7870-reference-004,go-ethereum,54.4,32.9
07-09 10:45,2026-07-09 10:45:00,ax52-7870-reference-004,go-ethereum,55.6,32.9
07-09 11:00,2026-07-09 11:00:00,ax52-7870-reference-004,go-ethereum,54.5,31.9
07-09 11:15,2026-07-09 11:15:00,ax52-7870-reference-004,go-ethereum,54.2,30.9
07-09 11:30,2026-07-09 11:30:00,ax52-7870-reference-004,go-ethereum,57.2,31.9
07-09 11:45,2026-07-09 11:45:00,ax52-7870-reference-004,go-ethereum,58.8,32.9
07-09 12:00,2026-07-09 12:00:00,ax52-7870-reference-004,go-ethereum,71.0,36.9
07-09 12:15,2026-07-09 12:15:00,ax52-7870-reference-004,go-ethereum,56.4,31.9
07-09 12:30,2026-07-09 12:30:00,ax52-7870-reference-004,go-ethereum,53.9,31.9
07-09 12:45,2026-07-09 12:45:00,ax52-7870-reference-004,go-ethereum,55.1,31.9
07-09 13:00,2026-07-09 13:00:00,ax52-7870-reference-004,go-ethereum,54.1,31.9
07-09 13:15,2026-07-09 13:15:00,ax52-7870-reference-004,go-ethereum,54.1,31.9
07-09 13:30,2026-07-09 13:30:00,ax52-7870-reference-004,go-ethereum,64.8,31.9
07-09 13:45,2026-07-09 13:45:00,ax52-7870-reference-004,go-ethereum,54.2,30.9
07-09 14:00,2026-07-09 14:00:00,ax52-7870-reference-004,go-ethereum,53.9,31.9
07-09 14:15,2026-07-09 14:15:00,ax52-7870-reference-004,go-ethereum,63.6,34.9
07-09 14:30,2026-07-09 14:30:00,ax52-7870-reference-004,go-ethereum,54.6,33.9
07-09 14:45,2026-07-09 14:45:00,ax52-7870-reference-004,go-ethereum,55.5,32.9
07-09 15:00,2026-07-09 15:00:00,ax52-7870-reference-004,go-ethereum,55.6,31.9
07-09 15:15,2026-07-09 15:15:00,ax52-7870-reference-004,go-ethereum,55.5,32.9
07-09 15:30,2026-07-09 15:30:00,ax52-7870-reference-004,go-ethereum,53.1,31.9
07-09 15:45,2026-07-09 15:45:00,ax52-7870-reference-004,go-ethereum,53.6,32.9
07-09 16:00,2026-07-09 16:00:00,ax52-7870-reference-004,go-ethereum,54.6,32.9
07-09 16:15,2026-07-09 16:15:00,ax52-7870-reference-004,go-ethereum,54.2,32.9
07-09 16:30,2026-07-09 16:30:00,ax52-7870-reference-004,go-ethereum,55.0,31.9
07-09 16:45,2026-07-09 16:45:00,ax52-7870-reference-004,go-ethereum,53.0,30.9
07-09 17:00,2026-07-09 17:00:00,ax52-7870-reference-004,go-ethereum,55.6,30.9
07-09 17:15,2026-07-09 17:15:00,ax52-7870-reference-004,go-ethereum,53.9,31.9
07-09 17:30,2026-07-09 17:30:00,ax52-7870-reference-004,go-ethereum,53.2,31.9
07-09 17:45,2026-07-09 17:45:00,ax52-7870-reference-004,go-ethereum,53.1,31.9
07-09 18:00,2026-07-09 18:00:00,ax52-7870-reference-004,go-ethereum,54.0,31.9
07-09 18:15,2026-07-09 18:15:00,ax52-7870-reference-004,go-ethereum,54.0,30.9
07-09 18:30,2026-07-09 18:30:00,ax52-7870-reference-004,go-ethereum,53.1,30.9
07-09 18:45,2026-07-09 18:45:00,ax52-7870-reference-004,go-ethereum,53.8,33.9
07-09 19:00,2026-07-09 19:00:00,ax52-7870-reference-004,go-ethereum,53.1,32.9
07-09 19:15,2026-07-09 19:15:00,ax52-7870-reference-004,go-ethereum,53.8,31.9
07-09 19:30,2026-07-09 19:30:00,ax52-7870-reference-004,go-ethereum,52.5,31.9
07-09 19:45,2026-07-09 19:45:00,ax52-7870-reference-004,go-ethereum,55.4,36.9
07-09 20:00,2026-07-09 20:00:00,ax52-7870-reference-004,go-ethereum,54.6,35.9
07-09 20:15,2026-07-09 20:15:00,ax52-7870-reference-004,go-ethereum,52.9,33.9
07-09 20:30,2026-07-09 20:30:00,ax52-7870-reference-004,go-ethereum,57.8,34.9
07-09 20:45,2026-07-09 20:45:00,ax52-7870-reference-004,go-ethereum,53.5,32.9
07-09 21:00,2026-07-09 21:00:00,ax52-7870-reference-004,go-ethereum,54.4,33.9
07-09 21:15,2026-07-09 21:15:00,ax52-7870-reference-004,go-ethereum,55.2,32.9
07-09 21:30,2026-07-09 21:30:00,ax52-7870-reference-004,go-ethereum,64.4,30.9
07-09 21:45,2026-07-09 21:45:00,ax52-7870-reference-004,go-ethereum,54.1,31.9
07-09 22:00,2026-07-09 22:00:00,ax52-7870-reference-004,go-ethereum,53.8,31.9
07-09 22:15,2026-07-09 22:15:00,ax52-7870-reference-004,go-ethereum,61.4,31.9
07-09 22:30,2026-07-09 22:30:00,ax52-7870-reference-004,go-ethereum,53.1,31.9
07-09 22:45,2026-07-09 22:45:00,ax52-7870-reference-004,go-ethereum,54.0,32.9
07-09 23:00,2026-07-09 23:00:00,ax52-7870-reference-004,go-ethereum,53.6,32.9
07-09 23:15,2026-07-09 23:15:00,ax52-7870-reference-004,go-ethereum,54.5,32.9
07-09 23:30,2026-07-09 23:30:00,ax52-7870-reference-004,go-ethereum,54.4,31.9
07-09 23:45,2026-07-09 23:45:00,ax52-7870-reference-004,go-ethereum,55.2,31.9
07-10 00:00,2026-07-10 00:00:00,ax52-7870-reference-004,go-ethereum,53.4,31.9
07-08 00:00,2026-07-08 00:00:00,ax52-7870-reference-005,erigon,53.5,29.9
07-08 00:15,2026-07-08 00:15:00,ax52-7870-reference-005,erigon,60.5,29.9
07-08 00:30,2026-07-08 00:30:00,ax52-7870-reference-005,erigon,57.2,30.9
07-08 00:45,2026-07-08 00:45:00,ax52-7870-reference-005,erigon,60.5,29.9
07-08 01:00,2026-07-08 01:00:00,ax52-7870-reference-005,erigon,57.4,31.9
07-08 01:15,2026-07-08 01:15:00,ax52-7870-reference-005,erigon,60.4,29.9
07-08 01:30,2026-07-08 01:30:00,ax52-7870-reference-005,erigon,56.8,28.9
07-08 01:45,2026-07-08 01:45:00,ax52-7870-reference-005,erigon,61.5,29.9
07-08 02:00,2026-07-08 02:00:00,ax52-7870-reference-005,erigon,56.5,29.9
07-08 02:15,2026-07-08 02:15:00,ax52-7870-reference-005,erigon,62.2,29.9
07-08 02:30,2026-07-08 02:30:00,ax52-7870-reference-005,erigon,57.8,29.9
07-08 02:45,2026-07-08 02:45:00,ax52-7870-reference-005,erigon,53.1,30.9
07-08 03:00,2026-07-08 03:00:00,ax52-7870-reference-005,erigon,58.5,29.9
07-08 03:15,2026-07-08 03:15:00,ax52-7870-reference-005,erigon,60.1,28.9
07-08 03:30,2026-07-08 03:30:00,ax52-7870-reference-005,erigon,58.6,29.9
07-08 03:45,2026-07-08 03:45:00,ax52-7870-reference-005,erigon,59.2,28.9
07-08 04:00,2026-07-08 04:00:00,ax52-7870-reference-005,erigon,59.1,29.9
07-08 04:15,2026-07-08 04:15:00,ax52-7870-reference-005,erigon,63.2,30.9
07-08 04:30,2026-07-08 04:30:00,ax52-7870-reference-005,erigon,58.1,28.9
07-08 04:45,2026-07-08 04:45:00,ax52-7870-reference-005,erigon,59.0,29.9
07-08 05:00,2026-07-08 05:00:00,ax52-7870-reference-005,erigon,58.0,30.9
07-08 05:15,2026-07-08 05:15:00,ax52-7870-reference-005,erigon,62.9,32.9
07-08 05:30,2026-07-08 05:30:00,ax52-7870-reference-005,erigon,61.8,32.9
07-08 05:45,2026-07-08 05:45:00,ax52-7870-reference-005,erigon,58.9,34.9
07-08 06:00,2026-07-08 06:00:00,ax52-7870-reference-005,erigon,61.5,33.9
07-08 06:15,2026-07-08 06:15:00,ax52-7870-reference-005,erigon,64.2,32.9
07-08 06:30,2026-07-08 06:30:00,ax52-7870-reference-005,erigon,61.4,31.9
07-08 06:45,2026-07-08 06:45:00,ax52-7870-reference-005,erigon,57.8,30.9
07-08 07:00,2026-07-08 07:00:00,ax52-7870-reference-005,erigon,63.2,32.9
07-08 07:15,2026-07-08 07:15:00,ax52-7870-reference-005,erigon,59.5,32.9
07-08 07:30,2026-07-08 07:30:00,ax52-7870-reference-005,erigon,60.8,30.9
07-08 07:45,2026-07-08 07:45:00,ax52-7870-reference-005,erigon,59.4,31.9
07-08 08:00,2026-07-08 08:00:00,ax52-7870-reference-005,erigon,61.0,31.9
07-08 08:15,2026-07-08 08:15:00,ax52-7870-reference-005,erigon,61.0,30.9
07-08 08:30,2026-07-08 08:30:00,ax52-7870-reference-005,erigon,59.1,35.9
07-08 08:45,2026-07-08 08:45:00,ax52-7870-reference-005,erigon,59.8,30.9
07-08 09:00,2026-07-08 09:00:00,ax52-7870-reference-005,erigon,61.2,30.9
07-08 09:15,2026-07-08 09:15:00,ax52-7870-reference-005,erigon,61.4,31.9
07-08 09:30,2026-07-08 09:30:00,ax52-7870-reference-005,erigon,61.5,30.9
07-08 09:45,2026-07-08 09:45:00,ax52-7870-reference-005,erigon,58.2,29.9
07-08 10:00,2026-07-08 10:00:00,ax52-7870-reference-005,erigon,61.9,31.9
07-08 10:15,2026-07-08 10:15:00,ax52-7870-reference-005,erigon,59.6,30.9
07-08 10:30,2026-07-08 10:30:00,ax52-7870-reference-005,erigon,60.8,30.9
07-08 10:45,2026-07-08 10:45:00,ax52-7870-reference-005,erigon,64.0,29.9
07-08 11:00,2026-07-08 11:00:00,ax52-7870-reference-005,erigon,60.8,29.9
07-08 11:15,2026-07-08 11:15:00,ax52-7870-reference-005,erigon,59.5,30.9
07-08 11:30,2026-07-08 11:30:00,ax52-7870-reference-005,erigon,65.9,30.9
07-08 11:45,2026-07-08 11:45:00,ax52-7870-reference-005,erigon,58.4,30.9
07-08 12:00,2026-07-08 12:00:00,ax52-7870-reference-005,erigon,59.2,30.9
07-08 12:15,2026-07-08 12:15:00,ax52-7870-reference-005,erigon,54.6,29.9
07-08 12:30,2026-07-08 12:30:00,ax52-7870-reference-005,erigon,59.6,30.9
07-08 12:45,2026-07-08 12:45:00,ax52-7870-reference-005,erigon,61.2,30.9
07-08 13:00,2026-07-08 13:00:00,ax52-7870-reference-005,erigon,57.0,31.9
07-08 13:15,2026-07-08 13:15:00,ax52-7870-reference-005,erigon,59.2,34.9
07-08 13:30,2026-07-08 13:30:00,ax52-7870-reference-005,erigon,61.0,29.9
07-08 13:45,2026-07-08 13:45:00,ax52-7870-reference-005,erigon,58.1,29.9
07-08 14:00,2026-07-08 14:00:00,ax52-7870-reference-005,erigon,63.1,29.9
07-08 14:15,2026-07-08 14:15:00,ax52-7870-reference-005,erigon,66.5,30.9
07-08 14:30,2026-07-08 14:30:00,ax52-7870-reference-005,erigon,61.1,29.9
07-08 14:45,2026-07-08 14:45:00,ax52-7870-reference-005,erigon,54.0,39.9
07-08 15:00,2026-07-08 15:00:00,ax52-7870-reference-005,erigon,62.9,37.9
07-08 15:15,2026-07-08 15:15:00,ax52-7870-reference-005,erigon,58.9,31.9
07-08 15:30,2026-07-08 15:30:00,ax52-7870-reference-005,erigon,58.6,31.9
07-08 15:45,2026-07-08 15:45:00,ax52-7870-reference-005,erigon,61.6,30.9
07-08 16:00,2026-07-08 16:00:00,ax52-7870-reference-005,erigon,60.0,29.9
07-08 16:15,2026-07-08 16:15:00,ax52-7870-reference-005,erigon,61.4,29.9
07-08 16:30,2026-07-08 16:30:00,ax52-7870-reference-005,erigon,59.2,30.9
07-08 16:45,2026-07-08 16:45:00,ax52-7870-reference-005,erigon,60.2,30.9
07-08 17:00,2026-07-08 17:00:00,ax52-7870-reference-005,erigon,57.8,30.9
07-08 17:15,2026-07-08 17:15:00,ax52-7870-reference-005,erigon,61.4,30.9
07-08 17:30,2026-07-08 17:30:00,ax52-7870-reference-005,erigon,57.4,30.9
07-08 17:45,2026-07-08 17:45:00,ax52-7870-reference-005,erigon,62.1,30.9
07-08 18:00,2026-07-08 18:00:00,ax52-7870-reference-005,erigon,58.5,30.9
07-08 18:15,2026-07-08 18:15:00,ax52-7870-reference-005,erigon,62.5,29.9
07-08 18:30,2026-07-08 18:30:00,ax52-7870-reference-005,erigon,62.9,29.9
07-08 18:45,2026-07-08 18:45:00,ax52-7870-reference-005,erigon,58.2,30.9
07-08 19:00,2026-07-08 19:00:00,ax52-7870-reference-005,erigon,60.5,30.9
07-08 19:15,2026-07-08 19:15:00,ax52-7870-reference-005,erigon,59.0,29.9
07-08 19:30,2026-07-08 19:30:00,ax52-7870-reference-005,erigon,58.5,29.9
07-08 19:45,2026-07-08 19:45:00,ax52-7870-reference-005,erigon,60.5,29.9
07-08 20:00,2026-07-08 20:00:00,ax52-7870-reference-005,erigon,78.0,32.9
07-08 20:15,2026-07-08 20:15:00,ax52-7870-reference-005,erigon,58.6,30.9
07-08 20:30,2026-07-08 20:30:00,ax52-7870-reference-005,erigon,59.4,29.9
07-08 20:45,2026-07-08 20:45:00,ax52-7870-reference-005,erigon,61.6,29.9
07-08 21:00,2026-07-08 21:00:00,ax52-7870-reference-005,erigon,65.4,30.9
07-08 21:15,2026-07-08 21:15:00,ax52-7870-reference-005,erigon,59.2,29.9
07-08 21:30,2026-07-08 21:30:00,ax52-7870-reference-005,erigon,60.9,30.9
07-08 21:45,2026-07-08 21:45:00,ax52-7870-reference-005,erigon,62.9,29.9
07-08 22:00,2026-07-08 22:00:00,ax52-7870-reference-005,erigon,63.2,31.9
07-08 22:15,2026-07-08 22:15:00,ax52-7870-reference-005,erigon,64.1,30.9
07-08 22:30,2026-07-08 22:30:00,ax52-7870-reference-005,erigon,59.1,29.9
07-08 22:45,2026-07-08 22:45:00,ax52-7870-reference-005,erigon,58.8,29.9
07-08 23:00,2026-07-08 23:00:00,ax52-7870-reference-005,erigon,59.8,30.9
07-08 23:15,2026-07-08 23:15:00,ax52-7870-reference-005,erigon,58.2,29.9
07-08 23:30,2026-07-08 23:30:00,ax52-7870-reference-005,erigon,59.2,29.9
07-08 23:45,2026-07-08 23:45:00,ax52-7870-reference-005,erigon,57.2,30.9
07-09 00:00,2026-07-09 00:00:00,ax52-7870-reference-005,erigon,64.4,29.9
07-09 00:15,2026-07-09 00:15:00,ax52-7870-reference-005,erigon,57.8,30.9
07-09 00:30,2026-07-09 00:30:00,ax52-7870-reference-005,erigon,62.5,29.9
07-09 00:45,2026-07-09 00:45:00,ax52-7870-reference-005,erigon,58.1,29.9
07-09 01:00,2026-07-09 01:00:00,ax52-7870-reference-005,erigon,58.0,30.9
07-09 01:15,2026-07-09 01:15:00,ax52-7870-reference-005,erigon,59.4,30.9
07-09 01:30,2026-07-09 01:30:00,ax52-7870-reference-005,erigon,61.5,29.9
07-09 01:45,2026-07-09 01:45:00,ax52-7870-reference-005,erigon,59.1,29.9
07-09 02:00,2026-07-09 02:00:00,ax52-7870-reference-005,erigon,53.9,29.9
07-09 02:15,2026-07-09 02:15:00,ax52-7870-reference-005,erigon,58.4,29.9
07-09 02:30,2026-07-09 02:30:00,ax52-7870-reference-005,erigon,58.9,29.9
07-09 02:45,2026-07-09 02:45:00,ax52-7870-reference-005,erigon,63.5,31.9
07-09 03:00,2026-07-09 03:00:00,ax52-7870-reference-005,erigon,58.1,30.9
07-09 03:15,2026-07-09 03:15:00,ax52-7870-reference-005,erigon,60.8,32.9
07-09 03:30,2026-07-09 03:30:00,ax52-7870-reference-005,erigon,57.4,31.9
07-09 03:45,2026-07-09 03:45:00,ax52-7870-reference-005,erigon,57.8,31.9
07-09 04:00,2026-07-09 04:00:00,ax52-7870-reference-005,erigon,78.4,64.8
07-09 04:15,2026-07-09 04:15:00,ax52-7870-reference-005,erigon,57.9,33.9
07-09 04:30,2026-07-09 04:30:00,ax52-7870-reference-005,erigon,54.8,30.9
07-09 04:45,2026-07-09 04:45:00,ax52-7870-reference-005,erigon,58.4,29.9
07-09 05:00,2026-07-09 05:00:00,ax52-7870-reference-005,erigon,57.5,30.9
07-09 05:15,2026-07-09 05:15:00,ax52-7870-reference-005,erigon,57.9,29.9
07-09 05:30,2026-07-09 05:30:00,ax52-7870-reference-005,erigon,55.5,29.9
07-09 05:45,2026-07-09 05:45:00,ax52-7870-reference-005,erigon,57.9,29.9
07-09 06:00,2026-07-09 06:00:00,ax52-7870-reference-005,erigon,58.4,29.9
07-09 06:15,2026-07-09 06:15:00,ax52-7870-reference-005,erigon,66.5,29.9
07-09 06:30,2026-07-09 06:30:00,ax52-7870-reference-005,erigon,57.8,30.9
07-09 06:45,2026-07-09 06:45:00,ax52-7870-reference-005,erigon,58.0,29.9
07-09 07:00,2026-07-09 07:00:00,ax52-7870-reference-005,erigon,61.5,48.9
07-09 07:15,2026-07-09 07:15:00,ax52-7870-reference-005,erigon,58.2,47.9
07-09 07:30,2026-07-09 07:30:00,ax52-7870-reference-005,erigon,58.8,38.9
07-09 07:45,2026-07-09 07:45:00,ax52-7870-reference-005,erigon,57.5,30.9
07-09 08:00,2026-07-09 08:00:00,ax52-7870-reference-005,erigon,58.0,29.9
07-09 08:15,2026-07-09 08:15:00,ax52-7870-reference-005,erigon,58.4,29.9
07-09 08:30,2026-07-09 08:30:00,ax52-7870-reference-005,erigon,57.4,29.9
07-09 08:45,2026-07-09 08:45:00,ax52-7870-reference-005,erigon,57.5,28.9
07-09 09:00,2026-07-09 09:00:00,ax52-7870-reference-005,erigon,57.8,28.9
07-09 09:15,2026-07-09 09:15:00,ax52-7870-reference-005,erigon,56.4,29.9
07-09 09:30,2026-07-09 09:30:00,ax52-7870-reference-005,erigon,57.9,28.9
07-09 09:45,2026-07-09 09:45:00,ax52-7870-reference-005,erigon,57.9,28.9
07-09 10:00,2026-07-09 10:00:00,ax52-7870-reference-005,erigon,57.2,29.9
07-09 10:15,2026-07-09 10:15:00,ax52-7870-reference-005,erigon,57.2,28.9
07-09 10:30,2026-07-09 10:30:00,ax52-7870-reference-005,erigon,58.5,29.9
07-09 10:45,2026-07-09 10:45:00,ax52-7870-reference-005,erigon,57.2,29.9
07-09 11:00,2026-07-09 11:00:00,ax52-7870-reference-005,erigon,59.4,28.9
07-09 11:15,2026-07-09 11:15:00,ax52-7870-reference-005,erigon,58.1,29.9
07-09 11:30,2026-07-09 11:30:00,ax52-7870-reference-005,erigon,59.6,29.9
07-09 11:45,2026-07-09 11:45:00,ax52-7870-reference-005,erigon,58.6,29.9
07-09 12:00,2026-07-09 12:00:00,ax52-7870-reference-005,erigon,61.5,29.9
07-09 12:15,2026-07-09 12:15:00,ax52-7870-reference-005,erigon,57.6,29.9
07-09 12:30,2026-07-09 12:30:00,ax52-7870-reference-005,erigon,64.1,29.9
07-09 12:45,2026-07-09 12:45:00,ax52-7870-reference-005,erigon,58.6,29.9
07-09 13:00,2026-07-09 13:00:00,ax52-7870-reference-005,erigon,75.2,35.9
07-09 13:15,2026-07-09 13:15:00,ax52-7870-reference-005,erigon,57.4,29.9
07-09 13:30,2026-07-09 13:30:00,ax52-7870-reference-005,erigon,57.8,29.9
07-09 13:45,2026-07-09 13:45:00,ax52-7870-reference-005,erigon,57.4,29.9
07-09 14:00,2026-07-09 14:00:00,ax52-7870-reference-005,erigon,65.6,30.9
07-09 14:15,2026-07-09 14:15:00,ax52-7870-reference-005,erigon,67.6,34.9
07-09 14:30,2026-07-09 14:30:00,ax52-7870-reference-005,erigon,59.6,29.9
07-09 14:45,2026-07-09 14:45:00,ax52-7870-reference-005,erigon,59.1,30.9
07-09 15:00,2026-07-09 15:00:00,ax52-7870-reference-005,erigon,61.0,30.9
07-09 15:15,2026-07-09 15:15:00,ax52-7870-reference-005,erigon,58.0,30.9
07-09 15:30,2026-07-09 15:30:00,ax52-7870-reference-005,erigon,59.0,31.9
07-09 15:45,2026-07-09 15:45:00,ax52-7870-reference-005,erigon,57.8,30.9
07-09 16:00,2026-07-09 16:00:00,ax52-7870-reference-005,erigon,58.1,30.9
07-09 16:15,2026-07-09 16:15:00,ax52-7870-reference-005,erigon,58.0,29.9
07-09 16:30,2026-07-09 16:30:00,ax52-7870-reference-005,erigon,57.9,29.9
07-09 16:45,2026-07-09 16:45:00,ax52-7870-reference-005,erigon,58.1,29.9
07-09 17:00,2026-07-09 17:00:00,ax52-7870-reference-005,erigon,59.6,29.9
07-09 17:15,2026-07-09 17:15:00,ax52-7870-reference-005,erigon,59.1,30.9
07-09 17:30,2026-07-09 17:30:00,ax52-7870-reference-005,erigon,59.6,56.9
07-09 17:45,2026-07-09 17:45:00,ax52-7870-reference-005,erigon,61.5,48.9
07-09 18:00,2026-07-09 18:00:00,ax52-7870-reference-005,erigon,63.6,30.9
07-09 18:15,2026-07-09 18:15:00,ax52-7870-reference-005,erigon,58.1,30.9
07-09 18:30,2026-07-09 18:30:00,ax52-7870-reference-005,erigon,57.5,29.9
07-09 18:45,2026-07-09 18:45:00,ax52-7870-reference-005,erigon,58.0,32.9
07-09 19:00,2026-07-09 19:00:00,ax52-7870-reference-005,erigon,57.8,31.9
07-09 19:15,2026-07-09 19:15:00,ax52-7870-reference-005,erigon,57.5,30.9
07-09 19:30,2026-07-09 19:30:00,ax52-7870-reference-005,erigon,57.5,29.9
07-09 19:45,2026-07-09 19:45:00,ax52-7870-reference-005,erigon,59.1,28.9
07-09 20:00,2026-07-09 20:00:00,ax52-7870-reference-005,erigon,57.6,29.9
07-09 20:15,2026-07-09 20:15:00,ax52-7870-reference-005,erigon,57.1,29.9
07-09 20:30,2026-07-09 20:30:00,ax52-7870-reference-005,erigon,57.2,29.9
07-09 20:45,2026-07-09 20:45:00,ax52-7870-reference-005,erigon,58.0,29.9
07-09 21:00,2026-07-09 21:00:00,ax52-7870-reference-005,erigon,58.0,29.9
07-09 21:15,2026-07-09 21:15:00,ax52-7870-reference-005,erigon,58.2,29.9
07-09 21:30,2026-07-09 21:30:00,ax52-7870-reference-005,erigon,56.9,29.9
07-09 21:45,2026-07-09 21:45:00,ax52-7870-reference-005,erigon,57.2,29.9
07-09 22:00,2026-07-09 22:00:00,ax52-7870-reference-005,erigon,58.4,29.9
07-09 22:15,2026-07-09 22:15:00,ax52-7870-reference-005,erigon,67.1,28.9
07-09 22:30,2026-07-09 22:30:00,ax52-7870-reference-005,erigon,58.0,29.9
07-09 22:45,2026-07-09 22:45:00,ax52-7870-reference-005,erigon,56.9,29.9
07-09 23:00,2026-07-09 23:00:00,ax52-7870-reference-005,erigon,60.0,29.9
07-09 23:15,2026-07-09 23:15:00,ax52-7870-reference-005,erigon,57.6,29.9
07-09 23:30,2026-07-09 23:30:00,ax52-7870-reference-005,erigon,57.8,28.9
07-09 23:45,2026-07-09 23:45:00,ax52-7870-reference-005,erigon,56.8,28.9
07-10 00:00,2026-07-10 00:00:00,ax52-7870-reference-005,erigon,57.0,28.9
07-08 00:00,2026-07-08 00:00:00,ax52-7870-reference-006,Reth,56.1,32.9
07-08 00:15,2026-07-08 00:15:00,ax52-7870-reference-006,Reth,61.8,30.9
07-08 00:30,2026-07-08 00:30:00,ax52-7870-reference-006,Reth,56.8,29.9
07-08 00:45,2026-07-08 00:45:00,ax52-7870-reference-006,Reth,64.9,32.9
07-08 01:00,2026-07-08 01:00:00,ax52-7870-reference-006,Reth,59.5,35.9
07-08 01:15,2026-07-08 01:15:00,ax52-7870-reference-006,Reth,59.8,32.9
07-08 01:30,2026-07-08 01:30:00,ax52-7870-reference-006,Reth,57.8,31.9
07-08 01:45,2026-07-08 01:45:00,ax52-7870-reference-006,Reth,59.8,33.9
07-08 02:00,2026-07-08 02:00:00,ax52-7870-reference-006,Reth,58.0,31.9
07-08 02:15,2026-07-08 02:15:00,ax52-7870-reference-006,Reth,60.4,31.9
07-08 02:30,2026-07-08 02:30:00,ax52-7870-reference-006,Reth,55.5,31.9
07-08 02:45,2026-07-08 02:45:00,ax52-7870-reference-006,Reth,56.6,30.9
07-08 03:00,2026-07-08 03:00:00,ax52-7870-reference-006,Reth,63.2,31.9
07-08 03:15,2026-07-08 03:15:00,ax52-7870-reference-006,Reth,60.1,30.9
07-08 03:30,2026-07-08 03:30:00,ax52-7870-reference-006,Reth,60.5,31.9
07-08 03:45,2026-07-08 03:45:00,ax52-7870-reference-006,Reth,57.0,28.9
07-08 04:00,2026-07-08 04:00:00,ax52-7870-reference-006,Reth,58.1,29.9
07-08 04:15,2026-07-08 04:15:00,ax52-7870-reference-006,Reth,57.9,29.9
07-08 04:30,2026-07-08 04:30:00,ax52-7870-reference-006,Reth,60.4,31.9
07-08 04:45,2026-07-08 04:45:00,ax52-7870-reference-006,Reth,59.6,32.9
07-08 05:00,2026-07-08 05:00:00,ax52-7870-reference-006,Reth,64.6,34.9
07-08 05:15,2026-07-08 05:15:00,ax52-7870-reference-006,Reth,60.5,30.9
07-08 05:30,2026-07-08 05:30:00,ax52-7870-reference-006,Reth,70.8,29.9
07-08 05:45,2026-07-08 05:45:00,ax52-7870-reference-006,Reth,56.6,32.9
07-08 06:00,2026-07-08 06:00:00,ax52-7870-reference-006,Reth,57.0,30.9
07-08 06:15,2026-07-08 06:15:00,ax52-7870-reference-006,Reth,69.0,31.9
07-08 06:30,2026-07-08 06:30:00,ax52-7870-reference-006,Reth,65.5,31.9
07-08 06:45,2026-07-08 06:45:00,ax52-7870-reference-006,Reth,60.8,31.9
07-08 07:00,2026-07-08 07:00:00,ax52-7870-reference-006,Reth,59.8,30.9
07-08 07:15,2026-07-08 07:15:00,ax52-7870-reference-006,Reth,58.2,30.9
07-08 07:30,2026-07-08 07:30:00,ax52-7870-reference-006,Reth,57.6,32.9
07-08 07:45,2026-07-08 07:45:00,ax52-7870-reference-006,Reth,60.8,32.9
07-08 08:00,2026-07-08 08:00:00,ax52-7870-reference-006,Reth,60.6,32.9
07-08 08:15,2026-07-08 08:15:00,ax52-7870-reference-006,Reth,61.4,31.9
07-08 08:30,2026-07-08 08:30:00,ax52-7870-reference-006,Reth,66.8,35.9
07-08 08:45,2026-07-08 08:45:00,ax52-7870-reference-006,Reth,57.4,31.9
07-08 09:00,2026-07-08 09:00:00,ax52-7870-reference-006,Reth,62.6,30.9
07-08 09:15,2026-07-08 09:15:00,ax52-7870-reference-006,Reth,59.6,31.9
07-08 09:30,2026-07-08 09:30:00,ax52-7870-reference-006,Reth,57.6,30.9
07-08 09:45,2026-07-08 09:45:00,ax52-7870-reference-006,Reth,59.8,31.9
07-08 10:00,2026-07-08 10:00:00,ax52-7870-reference-006,Reth,64.5,33.9
07-08 10:15,2026-07-08 10:15:00,ax52-7870-reference-006,Reth,62.9,31.9
07-08 10:30,2026-07-08 10:30:00,ax52-7870-reference-006,Reth,65.2,34.9
07-08 10:45,2026-07-08 10:45:00,ax52-7870-reference-006,Reth,66.0,35.9
07-08 11:00,2026-07-08 11:00:00,ax52-7870-reference-006,Reth,59.4,35.9
07-08 11:15,2026-07-08 11:15:00,ax52-7870-reference-006,Reth,61.6,35.9
07-08 11:30,2026-07-08 11:30:00,ax52-7870-reference-006,Reth,62.9,32.9
07-08 11:45,2026-07-08 11:45:00,ax52-7870-reference-006,Reth,63.6,31.9
07-08 12:00,2026-07-08 12:00:00,ax52-7870-reference-006,Reth,65.6,30.9
07-08 12:15,2026-07-08 12:15:00,ax52-7870-reference-006,Reth,57.6,30.9
07-08 12:30,2026-07-08 12:30:00,ax52-7870-reference-006,Reth,57.9,32.9
07-08 12:45,2026-07-08 12:45:00,ax52-7870-reference-006,Reth,61.2,31.9
07-08 13:00,2026-07-08 13:00:00,ax52-7870-reference-006,Reth,60.6,31.9
07-08 13:15,2026-07-08 13:15:00,ax52-7870-reference-006,Reth,58.5,32.9
07-08 13:30,2026-07-08 13:30:00,ax52-7870-reference-006,Reth,71.5,31.9
07-08 13:45,2026-07-08 13:45:00,ax52-7870-reference-006,Reth,56.4,30.9
07-08 14:00,2026-07-08 14:00:00,ax52-7870-reference-006,Reth,58.4,33.9
07-08 14:15,2026-07-08 14:15:00,ax52-7870-reference-006,Reth,66.4,31.9
07-08 14:30,2026-07-08 14:30:00,ax52-7870-reference-006,Reth,57.8,30.9
07-08 14:45,2026-07-08 14:45:00,ax52-7870-reference-006,Reth,61.1,32.9
07-08 15:00,2026-07-08 15:00:00,ax52-7870-reference-006,Reth,63.9,41.9
07-08 15:15,2026-07-08 15:15:00,ax52-7870-reference-006,Reth,58.1,30.9
07-08 15:30,2026-07-08 15:30:00,ax52-7870-reference-006,Reth,59.0,31.9
07-08 15:45,2026-07-08 15:45:00,ax52-7870-reference-006,Reth,57.6,30.9
07-08 16:00,2026-07-08 16:00:00,ax52-7870-reference-006,Reth,57.9,30.9
07-08 16:15,2026-07-08 16:15:00,ax52-7870-reference-006,Reth,64.0,33.9
07-08 16:30,2026-07-08 16:30:00,ax52-7870-reference-006,Reth,61.1,34.9
07-08 16:45,2026-07-08 16:45:00,ax52-7870-reference-006,Reth,66.4,34.9
07-08 17:00,2026-07-08 17:00:00,ax52-7870-reference-006,Reth,58.1,30.9
07-08 17:15,2026-07-08 17:15:00,ax52-7870-reference-006,Reth,60.4,33.9
07-08 17:30,2026-07-08 17:30:00,ax52-7870-reference-006,Reth,58.0,30.9
07-08 17:45,2026-07-08 17:45:00,ax52-7870-reference-006,Reth,62.8,34.9
07-08 18:00,2026-07-08 18:00:00,ax52-7870-reference-006,Reth,61.0,32.9
07-08 18:15,2026-07-08 18:15:00,ax52-7870-reference-006,Reth,59.0,31.9
07-08 18:30,2026-07-08 18:30:00,ax52-7870-reference-006,Reth,57.9,31.9
07-08 18:45,2026-07-08 18:45:00,ax52-7870-reference-006,Reth,61.1,34.9
07-08 19:00,2026-07-08 19:00:00,ax52-7870-reference-006,Reth,58.0,30.9
07-08 19:15,2026-07-08 19:15:00,ax52-7870-reference-006,Reth,61.2,31.9
07-08 19:30,2026-07-08 19:30:00,ax52-7870-reference-006,Reth,57.9,31.9
07-08 19:45,2026-07-08 19:45:00,ax52-7870-reference-006,Reth,61.5,31.9
07-08 20:00,2026-07-08 20:00:00,ax52-7870-reference-006,Reth,58.9,32.9
07-08 20:15,2026-07-08 20:15:00,ax52-7870-reference-006,Reth,59.9,31.9
07-08 20:30,2026-07-08 20:30:00,ax52-7870-reference-006,Reth,58.2,31.9
07-08 20:45,2026-07-08 20:45:00,ax52-7870-reference-006,Reth,59.1,30.9
07-08 21:00,2026-07-08 21:00:00,ax52-7870-reference-006,Reth,59.2,31.9
07-08 21:15,2026-07-08 21:15:00,ax52-7870-reference-006,Reth,57.8,30.9
07-08 21:30,2026-07-08 21:30:00,ax52-7870-reference-006,Reth,74.2,34.9
07-08 21:45,2026-07-08 21:45:00,ax52-7870-reference-006,Reth,63.9,34.9
07-08 22:00,2026-07-08 22:00:00,ax52-7870-reference-006,Reth,61.1,32.9
07-08 22:15,2026-07-08 22:15:00,ax52-7870-reference-006,Reth,66.8,30.9
07-08 22:30,2026-07-08 22:30:00,ax52-7870-reference-006,Reth,64.0,32.9
07-08 22:45,2026-07-08 22:45:00,ax52-7870-reference-006,Reth,65.0,33.9
07-08 23:00,2026-07-08 23:00:00,ax52-7870-reference-006,Reth,64.2,31.9
07-08 23:15,2026-07-08 23:15:00,ax52-7870-reference-006,Reth,63.6,31.9
07-08 23:30,2026-07-08 23:30:00,ax52-7870-reference-006,Reth,58.8,32.9
07-08 23:45,2026-07-08 23:45:00,ax52-7870-reference-006,Reth,63.8,33.9
07-09 00:00,2026-07-09 00:00:00,ax52-7870-reference-006,Reth,63.5,32.9
07-09 00:15,2026-07-09 00:15:00,ax52-7870-reference-006,Reth,59.8,33.9
07-09 00:30,2026-07-09 00:30:00,ax52-7870-reference-006,Reth,59.5,32.9
07-09 00:45,2026-07-09 00:45:00,ax52-7870-reference-006,Reth,58.9,31.9
07-09 01:00,2026-07-09 01:00:00,ax52-7870-reference-006,Reth,63.9,34.9
07-09 01:15,2026-07-09 01:15:00,ax52-7870-reference-006,Reth,62.5,30.9
07-09 01:30,2026-07-09 01:30:00,ax52-7870-reference-006,Reth,60.2,31.9
07-09 01:45,2026-07-09 01:45:00,ax52-7870-reference-006,Reth,62.6,30.9
07-09 02:00,2026-07-09 02:00:00,ax52-7870-reference-006,Reth,59.0,30.9
07-09 02:15,2026-07-09 02:15:00,ax52-7870-reference-006,Reth,59.5,33.9
07-09 02:30,2026-07-09 02:30:00,ax52-7870-reference-006,Reth,55.4,30.9
07-09 02:45,2026-07-09 02:45:00,ax52-7870-reference-006,Reth,61.0,30.9
07-09 03:00,2026-07-09 03:00:00,ax52-7870-reference-006,Reth,59.8,29.9
07-09 03:15,2026-07-09 03:15:00,ax52-7870-reference-006,Reth,64.2,30.9
07-09 03:30,2026-07-09 03:30:00,ax52-7870-reference-006,Reth,57.8,30.9
07-09 03:45,2026-07-09 03:45:00,ax52-7870-reference-006,Reth,63.8,33.9
07-09 04:00,2026-07-09 04:00:00,ax52-7870-reference-006,Reth,63.6,32.9
07-09 04:15,2026-07-09 04:15:00,ax52-7870-reference-006,Reth,58.1,31.9
07-09 04:30,2026-07-09 04:30:00,ax52-7870-reference-006,Reth,62.5,33.9
07-09 04:45,2026-07-09 04:45:00,ax52-7870-reference-006,Reth,61.8,35.9
07-09 05:00,2026-07-09 05:00:00,ax52-7870-reference-006,Reth,63.9,30.9
07-09 05:15,2026-07-09 05:15:00,ax52-7870-reference-006,Reth,59.2,29.9
07-09 05:30,2026-07-09 05:30:00,ax52-7870-reference-006,Reth,66.8,34.9
07-09 05:45,2026-07-09 05:45:00,ax52-7870-reference-006,Reth,61.9,31.9
07-09 06:00,2026-07-09 06:00:00,ax52-7870-reference-006,Reth,64.1,30.9
07-09 06:15,2026-07-09 06:15:00,ax52-7870-reference-006,Reth,67.2,29.9
07-09 06:30,2026-07-09 06:30:00,ax52-7870-reference-006,Reth,59.1,31.9
07-09 06:45,2026-07-09 06:45:00,ax52-7870-reference-006,Reth,61.5,32.9
07-09 07:00,2026-07-09 07:00:00,ax52-7870-reference-006,Reth,60.5,32.9
07-09 07:15,2026-07-09 07:15:00,ax52-7870-reference-006,Reth,57.2,29.9
07-09 07:30,2026-07-09 07:30:00,ax52-7870-reference-006,Reth,58.4,30.9
07-09 07:45,2026-07-09 07:45:00,ax52-7870-reference-006,Reth,56.6,30.9
07-09 08:00,2026-07-09 08:00:00,ax52-7870-reference-006,Reth,56.1,30.9
07-09 08:15,2026-07-09 08:15:00,ax52-7870-reference-006,Reth,56.6,30.9
07-09 08:30,2026-07-09 08:30:00,ax52-7870-reference-006,Reth,56.6,32.9
07-09 08:45,2026-07-09 08:45:00,ax52-7870-reference-006,Reth,57.4,29.9
07-09 09:00,2026-07-09 09:00:00,ax52-7870-reference-006,Reth,57.0,32.9
07-09 09:15,2026-07-09 09:15:00,ax52-7870-reference-006,Reth,60.8,32.9
07-09 09:30,2026-07-09 09:30:00,ax52-7870-reference-006,Reth,57.5,32.9
07-09 09:45,2026-07-09 09:45:00,ax52-7870-reference-006,Reth,57.4,30.9
07-09 10:00,2026-07-09 10:00:00,ax52-7870-reference-006,Reth,58.9,31.9
07-09 10:15,2026-07-09 10:15:00,ax52-7870-reference-006,Reth,56.4,30.9
07-09 10:30,2026-07-09 10:30:00,ax52-7870-reference-006,Reth,57.9,31.9
07-09 10:45,2026-07-09 10:45:00,ax52-7870-reference-006,Reth,57.0,33.9
07-09 11:00,2026-07-09 11:00:00,ax52-7870-reference-006,Reth,56.5,30.9
07-09 11:15,2026-07-09 11:15:00,ax52-7870-reference-006,Reth,56.8,30.9
07-09 11:30,2026-07-09 11:30:00,ax52-7870-reference-006,Reth,58.4,30.9
07-09 11:45,2026-07-09 11:45:00,ax52-7870-reference-006,Reth,59.9,30.9
07-09 12:00,2026-07-09 12:00:00,ax52-7870-reference-006,Reth,58.1,31.9
07-09 12:15,2026-07-09 12:15:00,ax52-7870-reference-006,Reth,56.1,30.9
07-09 12:30,2026-07-09 12:30:00,ax52-7870-reference-006,Reth,57.2,30.9
07-09 12:45,2026-07-09 12:45:00,ax52-7870-reference-006,Reth,58.2,31.9
07-09 13:00,2026-07-09 13:00:00,ax52-7870-reference-006,Reth,57.5,31.9
07-09 13:15,2026-07-09 13:15:00,ax52-7870-reference-006,Reth,57.8,31.9
07-09 13:30,2026-07-09 13:30:00,ax52-7870-reference-006,Reth,74.8,31.9
07-09 13:45,2026-07-09 13:45:00,ax52-7870-reference-006,Reth,59.1,31.9
07-09 14:00,2026-07-09 14:00:00,ax52-7870-reference-006,Reth,58.2,32.9
07-09 14:15,2026-07-09 14:15:00,ax52-7870-reference-006,Reth,65.1,30.9
07-09 14:30,2026-07-09 14:30:00,ax52-7870-reference-006,Reth,59.2,32.9
07-09 14:45,2026-07-09 14:45:00,ax52-7870-reference-006,Reth,60.6,32.9
07-09 15:00,2026-07-09 15:00:00,ax52-7870-reference-006,Reth,58.4,30.9
07-09 15:15,2026-07-09 15:15:00,ax52-7870-reference-006,Reth,61.8,32.9
07-09 15:30,2026-07-09 15:30:00,ax52-7870-reference-006,Reth,65.1,33.9
07-09 15:45,2026-07-09 15:45:00,ax52-7870-reference-006,Reth,62.1,34.9
07-09 16:00,2026-07-09 16:00:00,ax52-7870-reference-006,Reth,57.5,33.9
07-09 16:15,2026-07-09 16:15:00,ax52-7870-reference-006,Reth,58.5,30.9
07-09 16:30,2026-07-09 16:30:00,ax52-7870-reference-006,Reth,58.6,32.9
07-09 16:45,2026-07-09 16:45:00,ax52-7870-reference-006,Reth,59.4,31.9
07-09 17:00,2026-07-09 17:00:00,ax52-7870-reference-006,Reth,61.4,34.9
07-09 17:15,2026-07-09 17:15:00,ax52-7870-reference-006,Reth,57.5,32.9
07-09 17:30,2026-07-09 17:30:00,ax52-7870-reference-006,Reth,57.5,31.9
07-09 17:45,2026-07-09 17:45:00,ax52-7870-reference-006,Reth,57.9,31.9
07-09 18:00,2026-07-09 18:00:00,ax52-7870-reference-006,Reth,58.6,32.9
07-09 18:15,2026-07-09 18:15:00,ax52-7870-reference-006,Reth,57.8,30.9
07-09 18:30,2026-07-09 18:30:00,ax52-7870-reference-006,Reth,61.8,32.9
07-09 18:45,2026-07-09 18:45:00,ax52-7870-reference-006,Reth,59.5,33.9
07-09 19:00,2026-07-09 19:00:00,ax52-7870-reference-006,Reth,58.0,32.9
07-09 19:15,2026-07-09 19:15:00,ax52-7870-reference-006,Reth,60.0,31.9
07-09 19:30,2026-07-09 19:30:00,ax52-7870-reference-006,Reth,57.9,30.9
07-09 19:45,2026-07-09 19:45:00,ax52-7870-reference-006,Reth,63.6,31.9
07-09 20:00,2026-07-09 20:00:00,ax52-7870-reference-006,Reth,60.6,30.9
07-09 20:15,2026-07-09 20:15:00,ax52-7870-reference-006,Reth,58.5,29.9
07-09 20:30,2026-07-09 20:30:00,ax52-7870-reference-006,Reth,58.0,31.9
07-09 20:45,2026-07-09 20:45:00,ax52-7870-reference-006,Reth,59.8,33.9
07-09 21:00,2026-07-09 21:00:00,ax52-7870-reference-006,Reth,60.0,32.9
07-09 21:15,2026-07-09 21:15:00,ax52-7870-reference-006,Reth,59.1,29.9
07-09 21:30,2026-07-09 21:30:00,ax52-7870-reference-006,Reth,66.8,33.9
07-09 21:45,2026-07-09 21:45:00,ax52-7870-reference-006,Reth,59.2,30.9
07-09 22:00,2026-07-09 22:00:00,ax52-7870-reference-006,Reth,62.5,30.9
07-09 22:15,2026-07-09 22:15:00,ax52-7870-reference-006,Reth,69.8,30.9
07-09 22:30,2026-07-09 22:30:00,ax52-7870-reference-006,Reth,60.8,29.9
07-09 22:45,2026-07-09 22:45:00,ax52-7870-reference-006,Reth,64.8,30.9
07-09 23:00,2026-07-09 23:00:00,ax52-7870-reference-006,Reth,60.4,30.9
07-09 23:15,2026-07-09 23:15:00,ax52-7870-reference-006,Reth,60.2,32.9
07-09 23:30,2026-07-09 23:30:00,ax52-7870-reference-006,Reth,57.6,30.9
07-09 23:45,2026-07-09 23:45:00,ax52-7870-reference-006,Reth,59.8,33.9
07-10 00:00,2026-07-10 00:00:00,ax52-7870-reference-006,Reth,61.4,29.9
